,,,"The availability of financial resources—equity and debt—for small and medium enterprises (SMEs) (including grants and subsidies)","The extent to which public policies support entrepreneurship - entrepreneurship as a relevant economic issue","The extent to which public policies support entrepreneurship - taxes or regulations are either size-neutral or encourage new and SMEs","The presence and quality of programs directly assisting SMEs at all levels of government (national, regional, municipal)","The extent to which training in creating or managing SMEs is incorporated within the education and training system at primary and secondary levels","The extent to which training in creating or managing SMEs is incorporated within the education and training system in higher education such as vocational, college, business schools, etc.","The extent to which national research and development will lead to new commercial opportunities and is available to SMEs","The presence of property rights, commercial, accounting and other legal and assessment services and institutions that support or promote SMEs","The level of change in markets from year to year","The extent to which new firms are free to enter existing markets","Ease of access to physical resources—communication, utilities, transportation, land or space—at a price that does not discriminate against SMEs","The extent to which social and cultural norms encourage or allow actions leading to new business methods or activities that can potentially increase personal wealth and income"
code,economy,year,"Financing for entrepreneurs","Governmental support and policies","Taxes and bureaucracy","Governmental programs","Basic school entrepreneurial education and training","Post school entrepreneurial education and training","R&D transfer","Commercial and professional infrastructure","Internal market dynamics","Internal market openness","Physical and services infrastructure","Cultural and social norms"
54,Argentina,2023,3.38,1.97,2.19,3.44,2.64,5.19,2.83,4.71,6.55,4.07,5.74,4.36
55,Brazil,2023,3.48,3.39,2.75,3.72,2.44,4.79,2.78,4.46,5.47,3.10,5.69,4.47
101,Canada,2023,4.89,4.54,5.01,4.86,3.64,4.66,4.25,5.46,5.24,4.33,6.22,5.08
56,Chile,2023,3.75,3.82,5.97,5.13,2.67,4.96,3.65,4.84,4.27,4.15,7.23,5.59
86,"China (PRC)",2023,5.00,6.48,6.39,5.38,4.05,5.07,4.71,4.90,6.89,3.93,7.02,6.22
57,Colombia,2023,3.18,3.09,3.61,4.41,2.81,5.66,3.20,4.57,4.37,4.19,5.95,5.35
385,Croatia,2023,4.70,3.44,4.25,4.33,2.87,4.00,3.47,4.73,6.43,3.95,5.70,3.22
357,Cyprus,2023,3.46,3.80,4.86,3.51,2.14,4.25,3.35,4.99,4.57,3.77,5.76,3.76
593,Ecuador,2023,2.89,3.05,4.00,3.15,2.98,4.78,2.64,4.39,4.36,3.78,6.27,5.13
372,Estonia,2023,5.64,4.86,6.68,5.72,5.45,6.21,4.87,5.65,6.26,5.70,7.17,7.77
33,France,2023,5.37,5.29,4.87,5.88,2.44,5.07,4.49,5.76,3.93,4.66,6.74,4.38
49,Germany,2023,4.84,4.10,4.18,6.43,2.57,4.98,4.59,5.77,5.53,4.94,5.73,4.09
30,Greece,2023,4.36,4.45,4.84,4.44,2.97,4.01,4.78,5.70,5.09,4.45,5.62,4.47
502,Guatemala,2023,2.66,2.02,3.53,2.74,2.12,5.44,2.76,5.46,3.00,4.25,6.46,5.77
36,Hungary,2023,4.44,3.57,5.00,4.32,2.19,4.32,3.90,5.70,5.21,4.39,6.38,4.17
91,India,2023,6.48,6.63,6.22,6.70,6.30,6.63,6.42,6.39,6.84,6.47,7.03,6.76
98,Iran,2023,2.84,2.33,2.62,2.53,1.32,2.89,2.12,2.69,4.42,2.11,3.78,4.12
972,Israel,2023,4.93,2.17,2.42,3.39,2.08,3.13,4.06,5.07,4.68,2.37,6.48,7.71
39,Italy,2023,4.47,4.43,3.79,4.39,3.46,4.62,4.28,4.91,4.96,4.25,5.73,4.44
81,Japan,2023,4.49,5.10,4.46,4.14,2.18,4.33,3.97,4.08,6.54,4.11,6.66,3.24
962,Jordan,2023,4.25,4.95,4.74,5.07,2.87,3.71,3.69,5.58,5.12,4.43,6.92,5.05
371,Latvia,2023,4.91,3.40,5.08,4.82,3.57,5.41,4.10,5.89,5.04,5.33,7.12,4.95
370,Lithuania,2023,5.78,5.93,6.31,6.49,4.68,5.96,5.56,6.67,5.85,6.04,8.07,6.63
352,Luxembourg,2023,4.62,4.26,4.84,4.98,4.14,5.18,4.69,4.58,3.85,4.38,5.60,4.53
52,Mexico,2023,3.90,2.52,3.10,3.60,2.06,5.04,3.07,4.88,4.63,3.88,5.97,5.05
212,Morocco,2023,3.72,5.72,4.55,4.40,2.11,4.13,3.16,5.26,4.91,3.45,6.18,4.47
31,Netherlands,2023,5.86,5.09,6.01,5.95,5.47,6.28,5.44,6.38,5.19,6.22,7.03,6.35
47,Norway,2023,4.67,3.47,4.69,5.41,3.38,4.80,4.45,5.95,4.11,4.44,7.38,4.96
968,Oman,2023,4.71,5.88,5.11,5.18,4.97,5.58,4.67,5.43,5.76,4.57,6.66,6.77
507,Panama,2023,3.22,3.55,4.26,4.05,2.55,4.61,3.38,4.63,5.39,3.81,6.56,5.34
48,Poland,2023,4.36,3.43,3.95,4.35,2.22,3.07,3.49,5.35,6.61,4.17,5.93,4.47
1787,"Puerto Rico",2023,3.86,3.64,2.63,4.06,2.73,5.60,3.57,4.77,5.31,3.61,5.32,5.39
974,Qatar,2023,5.14,5.75,6.30,5.91,6.31,6.49,5.35,6.00,6.07,5.13,7.23,6.69
82,"Republic of Korea",2023,5.14,6.35,6.10,6.36,4.49,5.35,5.26,5.30,7.48,5.03,7.32,6.02
40,Romania,2023,4.07,3.19,4.33,3.79,2.74,4.52,3.79,5.83,5.24,4.40,6.19,3.57
966,"Saudi Arabia",2023,6.47,6.57,6.38,6.39,4.44,5.54,5.14,6.34,7.17,6.01,7.96,7.40
421,"Slovak Republic",2023,4.12,2.59,3.84,3.20,3.01,4.21,2.83,4.88,5.56,4.32,6.60,3.10
386,Slovenia,2023,4.61,3.85,4.31,5.30,3.21,4.80,4.16,5.68,6.56,4.87,6.53,4.11
27,"South Africa",2023,4.09,3.30,3.70,3.01,2.76,3.68,2.71,4.35,5.20,3.23,4.45,3.28
34,Spain,2023,3.58,3.28,3.22,4.34,2.06,4.33,3.50,4.83,4.22,3.44,6.34,3.34
46,Sweden,2023,4.95,3.53,4.75,4.67,3.94,4.44,4.00,5.14,4.50,4.32,6.92,5.57
41,Switzerland,2023,5.84,5.10,5.61,6.07,3.54,5.59,5.96,6.20,3.82,4.87,7.64,6.00
66,Thailand,2023,4.11,3.27,4.39,3.23,2.63,4.10,3.25,4.56,5.64,3.74,7.30,5.32
380,Ukraine,2023,3.82,3.18,4.36,3.13,4.32,5.18,3.26,5.00,4.81,3.54,6.17,5.99
971,"United Arab Emirates",2023,7.28,7.92,7.46,7.46,7.65,7.81,7.75,7.76,8.01,7.34,7.60,8.12
44,"United Kingdom",2023,4.83,3.66,5.15,4.10,3.01,4.55,3.93,5.26,5.53,4.69,5.40,5.54
1,"United States",2023,4.86,3.80,4.98,3.79,3.63,4.82,3.85,5.62,4.93,4.17,6.75,6.66
598,Uruguay,2023,3.34,3.42,4.60,5.40,2.39,5.23,4.18,5.34,2.68,4.23,7.67,4.40
58,Venezuela,2023,1.88,1.37,1.09,1.97,2.13,5.12,2.10,3.61,7.03,3.02,4.36,5.66
244,Angola,2022,2.97,2.45,3.10,2.54,1.46,2.71,1.70,3.21,4.80,2.80,3.24,4.18
54,Argentina,2022,3.17,1.83,1.78,3.23,2.71,4.99,2.99,4.55,6.68,4.09,6.02,4.09
43,Austria,2022,4.97,4.21,4.74,7.06,2.22,3.82,4.38,6.06,3.74,5.46,7.45,3.86
55,Brazil,2022,3.47,3.10,2.84,3.42,1.83,3.98,2.69,4.12,5.17,3.30,4.87,5.07
101,Canada,2022,5.19,5.23,5.83,5.58,3.39,4.84,4.73,5.58,4.79,4.60,6.50,5.73
56,Chile,2022,3.51,3.93,5.34,5.17,2.55,5.20,3.33,5.29,4.41,4.11,6.88,5.34
86,"China (PRC)",2022,5.62,6.29,6.50,5.61,3.90,4.78,4.92,5.14,7.00,4.37,7.31,6.37
57,Colombia,2022,3.56,4.50,3.45,4.96,3.40,5.65,3.30,4.56,5.34,4.31,5.68,6.13
385,Croatia,2022,4.83,3.11,3.71,3.94,2.85,3.77,3.36,5.00,6.53,3.80,5.53,3.38
357,Cyprus,2022,3.38,4.68,5.04,3.57,2.48,4.34,3.91,5.42,5.11,4.61,5.44,4.25
20,Egypt,2022,4.22,4.25,3.68,3.68,2.33,3.64,2.77,4.95,6.33,4.48,6.63,5.16
33,France,2022,5.61,5.97,5.13,5.88,2.77,5.52,4.06,5.96,3.70,4.63,6.93,4.06
49,Germany,2022,5.40,4.63,4.89,6.60,2.73,4.92,4.90,6.32,5.41,4.79,6.03,4.65
30,Greece,2022,4.18,4.41,4.71,4.50,2.98,4.02,4.93,5.61,5.00,4.78,5.93,4.21
502,Guatemala,2022,3.01,2.37,3.48,3.08,2.30,5.44,2.53,5.26,3.35,4.22,6.28,5.33
36,Hungary,2022,5.27,4.28,5.48,4.85,2.15,4.38,4.42,5.74,4.54,4.73,6.62,4.09
91,India,2022,5.95,6.62,6.21,6.30,5.67,5.57,5.73,5.91,6.99,6.01,6.65,6.26
62,Indonesia,2022,5.99,6.16,6.08,5.20,4.67,6.18,4.51,5.38,7.04,5.69,6.76,6.42
98,Iran,2022,3.57,3.31,3.18,3.10,1.96,3.00,2.71,4.19,4.67,3.06,5.53,4.44
972,Israel,2022,4.85,6.33,6.55,6.49,7.58,5.99,6.62,4.83,4.50,6.93,3.59,2.49
39,Italy,2022,4.33,4.15,3.60,4.12,2.83,4.28,3.92,4.98,4.87,3.92,5.08,4.43
81,Japan,2022,4.49,5.62,4.48,4.59,2.49,4.98,4.94,5.05,7.10,4.91,7.42,3.81
371,Latvia,2022,5.14,4.67,4.91,5.49,5.59,5.22,4.98,6.61,7.14,5.46,6.31,5.83
370,Lithuania,2022,5.74,5.60,5.93,6.01,4.79,5.36,5.31,6.39,5.50,5.52,7.74,6.43
352,Luxembourg,2022,4.43,5.20,5.16,5.72,4.18,5.49,4.94,5.55,3.72,4.75,5.88,5.37
52,Mexico,2022,3.49,2.30,2.87,3.76,1.72,5.29,2.83,4.36,5.67,3.29,5.78,4.37
212,Morocco,2022,4.18,5.23,4.80,4.28,2.00,4.31,2.87,5.22,4.46,3.21,6.38,4.39
31,Netherlands,2022,6.31,5.53,6.00,5.95,5.12,5.90,5.51,6.22,5.31,6.42,7.01,6.20
47,Norway,2022,4.63,4.29,5.37,5.92,4.51,5.46,4.55,6.43,3.64,5.24,7.39,5.54
968,Oman,2022,3.96,4.31,4.18,3.73,3.77,4.36,3.86,4.13,4.59,3.72,4.58,5.01
507,Panama,2022,3.14,2.96,4.85,4.84,2.59,4.52,3.74,5.40,3.95,4.30,6.50,5.46
48,Poland,2022,3.93,2.74,3.50,3.37,1.81,3.06,2.83,4.41,6.43,3.98,5.48,4.23
974,Qatar,2022,4.84,5.23,5.72,5.77,5.70,6.16,5.61,5.97,5.96,5.09,6.57,6.65
82,"Republic of Korea",2022,5.22,6.17,5.89,6.18,4.59,5.08,4.89,5.19,7.80,4.91,7.40,5.89
1787,"Puerto Rico",2022,3.63,2.51,2.63,4.13,2.16,4.77,3.45,4.94,4.94,3.58,5.05,4.63
40,Romania,2022,3.92,2.98,4.56,3.59,2.41,4.72,3.29,5.69,5.54,4.53,5.79,3.61
966,"Saudi Arabia",2022,6.39,6.85,6.08,6.40,4.59,5.76,4.86,6.23,7.30,6.16,7.77,7.18
381,Serbia,2022,3.69,4.09,5.95,5.00,2.53,3.53,3.88,5.21,5.41,4.75,6.99,3.95
421,"Slovak Republic",2022,4.43,3.48,4.19,3.91,2.93,4.16,3.23,5.74,5.67,4.92,6.62,3.16
386,Slovenia,2022,4.87,4.37,4.28,5.77,3.04,4.55,4.10,5.40,5.97,4.57,6.41,3.88
27,"South Africa",2022,3.95,4.14,3.90,3.81,3.57,4.46,3.31,4.56,4.84,3.64,4.87,4.52
34,Spain,2022,3.75,2.92,3.29,4.24,2.75,5.12,3.39,5.19,4.20,4.08,6.37,3.34
46,Sweden,2022,5.84,4.13,4.94,4.65,4.46,4.08,4.32,5.56,5.35,4.37,7.09,5.33
41,Switzerland,2022,6.36,5.54,6.23,6.47,3.63,5.68,6.02,6.73,3.76,5.80,7.81,5.49
886,Taiwan,2022,5.88,6.59,7.05,6.57,4.32,5.87,5.77,6.87,5.86,5.22,8.35,6.66
228,Togo,2022,2.69,4.67,4.31,4.59,1.47,3.58,2.58,4.14,4.07,3.39,4.30,4.01
216,Tunisia,2022,3.50,3.57,3.76,3.78,2.04,3.96,3.40,4.71,4.29,3.50,4.85,3.71
971,"United Arab Emirates",2022,7.18,7.47,6.86,6.96,7.06,7.42,6.78,6.81,7.16,6.63,7.66,7.85
44,"United Kingdom",2022,4.87,3.94,5.26,4.66,3.24,4.87,4.28,5.68,5.10,4.63,5.53,5.10
1,"United States",2022,6.00,3.85,4.78,4.04,3.53,4.71,4.13,6.35,5.37,4.86,7.44,7.04
598,Uruguay,2022,3.35,3.79,5.03,5.91,2.32,5.83,4.20,6.03,2.01,4.69,7.30,3.92
58,Venezuela,2022,1.85,2.06,1.67,2.05,1.92,5.22,2.09,3.84,7.13,3.76,3.96,4.91
375,Belarus,2021,2.58,1.68,4.42,2.19,1.82,3.78,2.30,5.59,5.69,3.88,6.73,3.86
55,Brazil,2021,3.67,2.79,2.34,3.31,1.55,4.21,2.58,4.01,5.99,3.42,5.18,4.41
101,Canada,2021,5.12,4.62,5.92,4.73,4.03,4.71,4.20,5.95,4.58,5.10,6.59,5.65
56,Chile,2021,3.99,4.25,5.77,5.38,2.28,4.76,3.29,5.05,4.37,3.94,7.21,5.29
57,Colombia,2021,3.39,5.07,3.93,5.09,3.57,5.94,3.49,5.26,4.90,4.18,6.41,5.78
385,Croatia,2021,4.30,2.72,3.43,4.11,2.71,3.41,3.29,4.80,5.83,3.51,6.00,2.96
357,Cyprus,2021,3.56,4.37,5.21,3.93,2.68,3.96,3.77,5.42,4.62,4.04,5.27,3.61
809,"Dominican Republic",2021,2.42,2.76,4.47,3.67,1.92,4.56,1.92,5.02,3.74,3.42,6.67,5.26
20,Egypt,2021,4.27,4.55,4.16,3.99,2.19,3.76,3.16,5.09,5.59,4.83,6.91,4.84
358,Finland,2021,7.13,5.50,6.32,5.59,6.09,6.01,5.97,6.92,4.24,6.13,8.59,5.43
33,France,2021,5.65,6.27,5.35,5.89,2.89,5.66,4.72,5.63,3.36,4.73,7.15,4.28
49,Germany,2021,5.33,4.37,4.69,6.35,2.83,5.15,4.88,6.26,5.28,4.97,6.07,4.60
30,Greece,2021,4.19,4.79,4.68,4.31,2.63,3.79,4.88,5.14,4.59,4.08,5.53,4.63
502,Guatemala,2021,2.48,2.43,4.09,3.08,2.29,5.52,2.46,5.36,3.29,3.45,6.46,5.25
36,Hungary,2021,4.86,3.99,5.14,4.36,2.45,4.04,4.01,5.75,3.46,4.21,7.21,4.30
91,India,2021,4.96,5.31,4.69,4.83,3.77,4.47,4.38,5.05,6.23,4.80,6.41,5.27
98,Iran,2021,4.18,2.27,2.90,2.45,0.94,2.90,2.42,3.94,5.34,2.61,5.66,3.70
353,Ireland,2021,4.97,4.44,5.06,5.48,3.34,3.99,4.38,5.38,4.17,5.07,5.23,5.44
972,Israel,2021,5.47,3.44,3.92,4.13,3.16,4.54,4.74,6.33,4.29,3.88,6.65,7.94
39,Italy,2021,4.82,4.99,3.75,4.68,3.15,4.58,4.91,5.62,4.72,4.66,5.98,5.07
1876,Jamaica,2021,3.59,4.03,4.48,3.63,3.63,4.63,2.83,4.96,4.06,4.19,5.20,5.84
81,Japan,2021,4.60,4.68,4.49,4.84,2.13,4.90,4.43,4.47,6.99,4.55,7.14,3.63
701,Kazakhstan,2021,4.20,5.60,5.48,5.00,3.50,4.05,2.87,5.52,5.38,4.10,6.14,5.56
371,Latvia,2021,4.77,4.32,4.80,5.21,4.04,4.64,4.53,6.07,5.34,5.06,7.05,5.19
370,Lithuania,2021,6.08,6.09,6.04,6.13,4.74,5.59,5.78,6.80,5.41,6.47,8.52,6.15
352,Luxembourg,2021,4.37,5.36,5.54,5.91,3.40,5.14,5.11,5.32,2.99,4.66,6.75,4.63
52,Mexico,2021,4.08,3.53,3.64,3.87,2.15,5.59,3.18,5.39,4.71,4.18,6.50,5.44
212,Morocco,2021,3.59,4.76,4.51,3.93,1.87,3.96,2.26,5.12,4.19,3.24,6.26,3.95
31,Netherlands,2021,6.68,5.84,6.82,6.43,5.81,6.07,5.61,6.74,4.97,6.48,8.01,6.71
47,Norway,2021,5.10,4.36,6.78,6.40,5.41,5.47,5.68,6.94,3.04,5.35,8.00,6.13
968,Oman,2021,3.83,4.81,3.74,3.83,2.78,3.94,3.13,4.16,5.97,3.21,4.87,5.37
507,Panama,2021,2.98,2.88,4.28,4.01,1.81,3.92,2.98,4.76,4.82,3.67,6.22,4.46
48,Poland,2021,4.72,3.54,4.16,4.28,1.73,2.86,3.30,5.06,6.35,3.88,6.75,3.96
974,Qatar,2021,4.60,5.20,5.29,5.64,5.28,6.17,5.22,5.96,5.47,5.14,6.89,6.07
40,Romania,2021,4.04,3.11,4.09,3.11,2.52,3.89,2.68,5.49,4.87,4.31,5.82,3.69
7,Russia,2021,3.41,3.39,4.23,3.70,2.77,4.12,2.79,5.59,6.50,3.35,6.42,3.57
966,"Saudi Arabia",2021,6.70,6.48,5.83,6.54,3.70,5.15,5.44,6.12,6.76,5.87,7.70,6.76
421,"Slovak Republic",2021,4.52,3.39,3.36,3.93,2.76,4.48,3.51,5.56,4.35,4.58,7.17,3.95
386,Slovenia,2021,4.50,3.88,4.15,5.13,2.32,4.05,3.51,5.51,5.98,4.34,5.89,3.22
27,"South Africa",2021,3.68,3.43,3.51,3.11,2.68,3.61,3.37,4.88,4.46,3.63,4.83,3.96
82,"South Korea",2021,5.63,6.44,5.90,5.90,4.25,4.84,4.54,4.99,7.78,4.76,7.66,5.68
34,Spain,2021,4.87,5.41,5.12,6.28,3.47,6.06,5.64,6.70,5.03,5.04,6.76,5.22
249,Sudan,2021,3.91,2.24,2.24,1.81,1.02,3.50,2.15,4.03,7.03,2.71,3.54,3.40
46,Sweden,2021,6.39,3.50,4.70,4.95,4.07,4.35,4.87,6.45,5.13,4.89,7.55,5.75
41,Switzerland,2021,5.79,5.11,6.34,6.18,3.62,4.93,6.10,6.07,3.48,5.52,7.93,5.34
90,Turkey,2021,4.46,3.91,3.90,4.27,2.06,3.72,3.89,4.44,7.04,3.79,5.02,3.68
971,"United Arab Emirates",2021,6.43,6.99,7.51,6.53,5.73,6.42,6.19,6.75,7.25,6.16,8.14,7.71
44,"United Kingdom",2021,5.15,4.23,5.59,4.32,3.20,4.96,4.21,5.84,4.94,5.51,6.53,5.34
598,Uruguay,2021,3.46,3.40,4.73,5.58,2.22,5.24,4.11,5.48,2.66,3.88,7.22,3.96
1,USA,2021,6.20,4.20,5.25,4.15,3.18,5.01,4.68,6.41,5.59,4.70,7.49,7.04
244,Angola,2020,3.63,4.17,3.30,3.33,3.22,3.67,2.90,3.57,5.12,3.48,3.72,4.75
43,Austria,2020,4.80,4.65,4.22,6.00,2.90,4.45,4.62,5.45,4.50,5.57,7.00,4.38
55,Brazil,2020,4.55,3.93,3.08,4.27,3.23,4.55,3.60,4.65,6.22,4.25,5.67,4.82
226,"Burkina Faso",2020,3.25,3.60,3.90,3.92,2.58,3.75,3.40,4.82,4.12,3.75,4.60,4.33
56,Chile,2020,3.62,4.23,4.63,5.03,3.03,4.68,4.00,4.70,4.43,3.72,6.65,5.08
57,Colombia,2020,3.97,4.50,3.65,4.68,3.92,6.13,4.27,4.75,4.98,4.63,5.70,5.53
385,Croatia,2020,4.45,3.57,3.30,3.70,3.03,3.83,3.40,4.68,5.30,3.65,5.92,3.73
357,Cyprus,2020,3.87,4.97,5.48,4.40,3.43,4.68,4.37,5.15,4.68,4.55,5.75,4.25
20,Egypt,2020,4.55,4.55,3.68,4.40,3.05,4.45,3.77,4.68,5.10,4.52,6.23,4.73
49,Germany,2020,5.27,4.73,4.32,6.00,3.58,4.78,4.80,5.53,5.07,4.63,5.95,4.87
30,Greece,2020,4.30,5.08,3.85,4.08,3.33,4.38,4.48,4.70,5.22,4.40,5.52,4.58
502,Guatemala,2020,3.58,3.22,3.77,3.60,3.18,5.40,3.83,5.07,3.97,3.98,5.95,5.17
91,India,2020,6.05,5.70,5.45,5.62,5.03,5.20,5.53,6.08,6.45,5.88,6.47,6.00
62,Indonesia,2020,5.73,6.10,5.85,5.88,6.38,6.58,6.23,5.75,6.02,5.88,6.35,6.48
98,Iran,2020,4.12,4.10,3.43,3.65,3.12,4.13,4.25,4.22,4.70,3.53,6.23,5.15
972,Israel,2020,5.28,4.08,3.83,4.77,4.13,5.32,5.05,6.12,5.50,5.05,6.90,6.57
39,Italy,2020,4.72,4.52,3.32,4.18,3.45,4.52,4.67,5.08,4.15,4.58,5.33,4.15
81,Japan,2020,5.02,4.77,4.33,4.35,3.22,4.37,4.60,4.25,6.67,4.80,6.58,4.33
701,Kazakhstan,2020,3.85,4.93,4.53,4.75,3.43,4.40,3.18,4.77,5.82,3.63,5.62,4.93
965,Kuwait,2020,4.60,3.80,4.58,3.47,3.27,4.12,3.67,5.10,5.23,4.15,6.37,5.45
371,Latvia,2020,4.88,4.53,3.12,5.28,4.63,4.90,4.67,5.25,5.08,3.68,5.90,4.83
352,Luxembourg,2020,4.35,4.93,5.38,5.85,4.37,5.02,5.58,5.78,4.15,4.85,5.82,4.82
52,Mexico,2020,4.08,3.30,3.72,3.88,3.20,5.78,4.05,4.53,4.98,4.13,5.78,5.18
212,Morocco,2020,3.87,4.65,3.93,4.20,2.78,4.42,3.30,4.83,4.45,3.47,5.72,3.87
31,Netherlands,2020,6.02,5.87,5.67,6.22,5.85,6.17,5.90,6.02,5.27,6.02,7.15,6.32
47,Norway,2020,5.47,5.42,5.13,5.98,5.43,5.53,5.07,6.25,4.28,5.53,7.08,5.95
968,Oman,2020,5.00,5.17,4.52,5.15,4.45,5.20,4.53,4.75,5.63,5.17,5.77,5.83
507,Panama,2020,3.83,4.10,4.43,4.65,2.82,4.47,3.87,4.78,4.07,4.25,6.53,5.43
48,Poland,2020,4.40,4.48,3.32,4.37,3.10,3.93,3.70,4.92,6.43,4.15,6.12,4.57
1787,"Puerto Rico",2020,3.98,3.07,2.55,3.73,2.57,4.43,3.82,4.60,4.88,3.92,4.87,5.08
974,Qatar,2020,5.17,5.45,5.47,5.55,5.23,5.68,5.25,5.57,5.60,4.88,6.52,5.65
7,"Russian Federation",2020,3.90,3.55,3.47,3.70,3.33,4.37,3.07,4.60,5.57,3.67,6.05,4.15
966,"Saudi Arabia",2020,5.70,5.90,5.20,5.68,3.48,4.72,4.78,5.43,6.33,5.62,7.18,6.02
421,"Slovak Republic",2020,4.72,4.08,3.65,4.28,3.42,4.63,3.45,4.93,4.22,4.83,6.02,3.70
386,Slovenia,2020,4.50,4.43,3.97,4.57,3.73,4.73,4.37,5.02,5.55,4.75,6.33,4.60
82,"South Korea",2020,5.47,5.92,5.02,5.63,4.20,4.73,4.60,4.78,7.17,4.57,6.95,5.15
34,Spain,2020,4.47,4.82,4.10,5.60,3.07,5.30,4.98,6.20,4.57,4.60,5.68,4.42
46,Sweden,2020,5.20,3.90,3.55,4.10,4.15,4.57,3.77,5.35,5.43,4.47,6.23,5.10
41,Switzerland,2020,5.62,4.83,5.55,5.60,3.67,5.17,5.30,6.22,3.87,5.20,6.97,5.78
886,Taiwan,2020,5.50,6.43,5.63,5.93,4.48,5.40,5.50,5.92,5.88,5.45,7.42,6.05
228,Togo,2020,3.63,4.63,4.60,4.57,2.58,4.13,3.42,5.03,4.10,3.82,4.30,4.08
971,"United Arab Emirates",2020,5.18,6.35,5.72,5.80,5.65,5.52,5.02,5.62,5.85,5.18,6.67,6.55
44,"United Kingdom",2020,5.48,4.60,5.10,4.77,3.73,4.72,4.55,5.50,5.27,5.08,5.92,5.55
598,Uruguay,2020,3.92,4.98,4.48,6.03,3.23,6.25,5.05,5.67,3.60,4.57,6.80,4.55
1,"United States of America",2020,5.43,4.25,4.32,4.47,3.95,5.48,4.52,5.72,5.48,4.73,6.52,6.75
374,Armenia,2019,,4.48,5.32,4.03,3.43,3.95,3.60,5.58,5.20,4.60,6.52,5.92
61,Australia,2019,4.13,4.37,4.50,4.70,4.05,4.68,4.20,5.15,4.50,4.80,5.88,5.25
375,Belarus,2019,5.17,3.80,4.55,3.53,3.33,4.77,3.83,5.17,5.47,4.45,6.80,3.98
55,Brazil,2019,3.68,4.17,3.12,4.27,2.97,4.45,3.75,4.70,5.73,4.15,5.38,4.12
359,Bulgaria,2019,4.88,3.15,4.67,3.45,3.25,4.22,3.62,5.05,5.17,4.47,6.82,4.17
101,Canada,2019,4.58,5.23,4.60,4.88,4.52,5.07,4.43,5.37,4.97,4.90,6.47,6.02
56,Chile,2019,5.27,4.80,4.75,5.40,3.08,4.87,4.02,4.50,4.30,4.18,7.02,5.22
86,China,2019,4.03,5.60,5.87,5.30,4.27,5.53,5.47,5.33,6.38,5.18,6.93,6.35
57,Colombia,2019,5.68,4.95,3.60,4.62,3.52,5.42,3.92,4.20,4.58,4.25,5.50,4.80
385,Croatia,2019,3.72,3.57,3.20,3.78,2.95,3.62,3.28,4.15,5.35,3.68,5.97,3.30
357,Cyprus,2019,4.50,4.48,5.05,4.32,3.62,5.22,4.18,5.03,4.65,4.53,6.17,4.63
593,Ecuador,2019,4.02,3.68,3.27,3.83,3.83,5.33,3.55,4.53,5.05,4.02,6.47,5.67
20,Egypt,2019,3.43,4.35,3.70,4.33,2.90,4.18,3.58,4.68,5.53,4.62,6.32,4.95
49,Germany,2019,4.68,4.33,4.40,5.93,3.28,4.88,4.82,5.98,5.72,5.13,6.05,4.87
30,Greece,2019,5.22,4.00,3.13,3.83,3.22,4.52,4.47,5.03,5.13,4.35,5.78,4.55
502,Guatemala,2019,4.20,3.05,3.85,3.50,3.40,5.12,3.18,4.58,3.93,3.68,5.33,4.60
91,India,2019,3.18,5.77,5.08,5.42,5.13,5.60,5.25,5.57,6.35,5.52,6.43,5.92
62,Indonesia,2019,5.62,5.68,5.10,5.20,4.95,5.72,5.48,5.40,6.33,5.53,5.82,6.17
98,Iran,2019,5.40,3.52,3.68,3.53,3.42,3.70,3.52,3.32,3.57,3.57,3.87,3.42
353,Ireland,2019,3.60,4.27,4.60,5.27,3.55,4.75,4.38,4.92,5.00,4.87,5.38,5.58
972,Israel,2019,4.88,4.35,3.63,4.45,3.58,4.67,4.72,5.37,4.98,4.35,6.52,6.82
39,Italy,2019,5.13,3.98,3.63,4.45,3.57,4.92,4.83,4.97,4.88,4.70,5.28,4.52
81,Japan,2019,4.67,5.05,4.37,4.55,3.05,4.75,4.62,4.27,5.82,4.62,6.75,4.45
962,Jordan,2019,5.05,4.85,4.17,4.58,3.75,5.18,5.02,5.90,6.32,4.55,6.75,5.68
371,Latvia,2019,4.92,4.57,4.12,5.07,4.37,4.65,4.48,5.68,4.80,4.92,6.53,5.08
352,Luxembourg,2019,4.87,5.63,5.27,5.80,4.37,5.27,5.28,5.47,3.68,5.10,6.23,4.97
261,Madagascar,2019,4.52,4.02,3.93,3.35,2.68,5.40,3.43,4.38,4.72,3.80,4.45,4.52
261,Mexico,2019,3.47,4.25,3.97,4.58,3.67,5.77,4.45,4.85,4.83,4.62,6.57,5.83
212,Morocco,2019,4.33,4.02,4.08,4.08,3.00,4.43,3.42,4.83,4.72,3.57,6.05,4.05
31,Netherlands,2019,3.95,5.68,5.42,6.00,5.50,5.73,5.37,5.97,5.33,5.85,7.20,6.13
389,"North Macedonia",2019,6.07,3.63,3.62,3.83,3.43,4.18,3.70,4.85,5.07,3.65,5.63,4.02
47,Norway,2019,4.05,5.10,4.67,5.38,5.22,5.60,4.73,5.93,5.03,4.80,7.03,5.98
968,Oman,2019,5.45,4.58,4.40,4.58,3.85,4.65,4.33,4.75,5.28,4.35,5.78,5.60
92,Pakistan,2019,4.50,3.75,3.27,3.80,3.45,4.52,3.40,4.28,4.93,4.50,6.25,4.77
507,Panama,2019,4.00,3.25,4.27,4.32,2.88,4.33,3.53,4.48,4.28,4.25,6.60,5.25
595,Paraguay,2019,3.65,3.10,3.90,3.80,2.73,4.10,3.17,3.78,3.82,4.12,5.52,4.85
48,Poland,2019,3.18,4.37,3.45,4.47,2.65,3.75,3.92,4.57,6.13,4.25,6.48,4.22
351,Portugal,2019,5.00,4.47,3.08,4.57,3.23,4.77,4.05,5.03,4.35,4.00,6.58,3.90
787,"Puerto Rico",2019,4.87,3.20,2.35,3.40,2.45,4.13,3.63,4.07,5.07,3.33,4.72,3.95
974,Qatar,2019,3.78,5.80,5.78,5.77,5.20,5.93,5.17,5.58,5.73,5.07,6.83,6.03
7,Russia,2019,5.33,3.90,3.60,4.18,3.60,4.35,3.53,4.90,5.85,3.80,5.73,4.25
966,"Saudi Arabia",2019,4.00,5.83,5.12,5.23,3.48,4.32,4.37,4.78,5.68,4.75,6.08,5.65
421,Slovakia,2019,5.00,3.35,3.32,3.92,3.23,4.50,3.45,5.02,4.68,4.65,6.73,3.87
386,Slovenia,2019,4.53,4.35,3.95,5.07,3.45,4.43,4.25,5.17,5.28,4.87,6.53,4.12
27,"South Africa",2019,4.68,3.92,3.25,3.50,2.83,3.80,3.57,4.53,4.67,3.77,4.98,4.13
82,"South Korea",2019,4.22,6.05,4.68,5.30,3.85,4.42,4.38,4.55,6.83,4.35,6.72,4.87
34,Spain,2019,5.03,5.43,5.17,5.88,3.25,5.53,5.40,5.97,5.30,5.10,6.57,4.88
46,Sweden,2019,5.00,3.95,3.95,4.77,4.50,4.88,4.43,5.22,5.95,4.83,6.75,5.15
41,Switzerland,2019,5.12,5.65,5.85,5.85,4.75,5.98,5.97,5.95,4.68,5.35,7.57,6.20
886,Taiwan,2019,5.40,5.70,5.33,5.50,4.27,5.13,5.32,5.57,5.95,5.27,7.42,5.77
66,Thailand,2019,5.45,4.62,4.37,4.45,3.68,4.90,4.43,5.03,5.93,4.67,7.02,5.72
971,"United Arab Emirates",2019,5.05,6.20,5.62,5.82,5.38,5.45,4.83,5.50,5.83,5.15,6.88,6.23
44,"United Kingdom",2019,5.07,4.35,5.08,4.60,3.85,4.77,4.03,5.02,5.00,5.20,6.10,5.62
1,"United States",2019,5.22,4.58,5.05,4.43,4.18,5.32,4.57,5.62,4.90,4.62,6.88,6.98
244,Angola,2018,5.78,3.67,3.85,3.13,3.33,3.87,2.85,4.47,4.97,3.75,4.05,4.75
54,Argentina,2018,2.77,6.32,3.73,5.32,3.03,5.15,4.50,5.08,5.52,4.23,5.50,5.35
43,Austria,2018,3.22,4.67,4.02,6.23,2.72,5.27,4.52,6.10,4.48,5.77,7.43,3.85
55,Brazil,2018,5.02,2.97,2.42,3.47,2.57,4.10,3.53,4.48,5.77,3.67,5.37,3.50
359,Bulgaria,2018,4.87,3.28,4.60,3.60,2.98,4.07,3.47,5.17,4.68,3.90,6.78,3.60
101,Canada,2018,5.32,4.92,4.35,4.92,4.12,4.75,4.77,6.07,4.27,4.55,6.68,5.53
56,Chile,2018,5.22,5.23,4.75,5.63,2.45,5.05,3.75,4.12,4.38,3.77,7.13,5.38
86,China,2018,3.92,4.83,4.60,4.53,3.43,5.23,4.05,4.18,6.73,4.40,7.28,6.03
57,Colombia,2018,4.58,3.85,3.77,4.57,3.50,5.70,3.43,4.32,4.10,4.13,6.25,5.35
385,Croatia,2018,3.28,2.82,2.23,3.37,2.53,3.78,2.98,3.73,5.23,3.03,5.55,2.87
357,Cyprus,2018,4.02,4.72,5.22,3.73,3.30,5.33,4.18,5.35,4.75,4.55,6.48,4.28
809,"Dominican Republic",2018,3.83,3.57,3.83,5.03,2.53,5.13,2.82,4.30,4.37,3.77,6.48,5.62
20,Egypt,2018,2.85,4.37,3.60,4.02,2.47,3.70,3.53,4.48,5.15,4.37,6.47,4.60
33,France,2018,4.35,5.98,5.33,5.68,2.88,5.63,4.78,5.30,4.30,3.88,7.53,4.75
49,Germany,2018,4.73,4.33,4.38,5.78,3.07,4.55,4.62,5.65,5.10,5.17,6.02,4.42
30,Greece,2018,4.73,3.37,2.75,3.35,2.82,3.92,3.97,4.50,4.52,3.73,6.35,4.13
502,Guatemala,2018,4.07,2.47,3.65,3.18,2.47,5.65,3.30,4.72,4.00,3.80,6.10,5.03
91,India,2018,2.83,6.32,4.73,5.73,4.53,5.22,5.25,5.75,6.45,5.23,6.52,5.53
62,Indonesia,2018,5.65,6.32,5.50,5.68,5.07,6.42,5.50,5.75,6.65,5.48,6.43,6.53
98,Iran,2018,5.93,3.82,3.03,3.00,2.92,3.75,3.25,3.62,5.70,3.92,5.67,4.13
353,Ireland,2018,3.85,4.97,4.50,5.68,3.82,5.07,4.60,5.20,4.23,5.03,5.40,5.38
972,Israel,2018,5.27,3.72,2.75,4.00,2.85,4.65,4.42,5.73,4.70,3.72,6.75,6.88
39,Italy,2018,5.25,4.03,3.22,3.95,2.80,4.47,4.00,4.30,5.00,4.30,5.00,3.62
81,Japan,2018,4.67,5.38,4.23,4.52,2.47,4.30,5.00,4.38,7.03,4.52,7.22,3.68
701,Kazakhstan,2018,4.97,5.52,4.60,4.65,3.38,4.13,3.22,4.78,5.43,3.78,6.03,4.98
371,Latvia,2018,3.53,4.15,3.72,4.48,4.17,4.77,3.87,6.02,4.22,4.58,6.85,4.73
961,Lebanon,2018,4.77,3.35,3.53,3.83,4.05,4.95,3.35,5.13,4.38,3.73,4.03,6.48
352,Luxembourg,2018,4.75,5.57,5.33,6.23,3.97,5.52,5.12,5.30,3.83,5.22,6.68,4.82
261,Madagascar,2018,4.07,3.43,3.30,3.02,2.52,5.43,3.32,4.40,5.20,3.38,4.30,3.83
52,Mexico,2018,2.92,4.57,3.83,5.08,3.13,5.80,4.23,4.48,5.57,3.73,6.58,5.63
212,Morocco,2018,4.02,3.55,4.08,3.45,2.18,4.13,2.75,5.00,4.50,3.18,6.55,3.85
258,Mozambique,2018,3.65,2.10,2.67,2.50,2.08,2.50,1.95,3.65,4.95,3.27,4.95,3.27
31,Netherlands,2018,2.10,5.50,5.43,5.72,5.40,6.20,5.25,6.05,5.37,5.80,7.60,6.18
507,Panama,2018,5.90,2.98,3.42,4.30,2.18,4.15,3.30,3.52,4.02,3.02,6.02,4.63
51,Peru,2018,3.13,3.50,3.38,4.27,3.18,4.98,3.48,4.13,4.15,4.12,5.70,5.50
48,Poland,2018,3.63,4.98,3.22,4.47,2.78,4.08,3.78,4.93,6.68,4.20,7.07,4.85
787,"Puerto Rico",2018,5.33,3.00,2.60,3.63,2.53,5.02,3.28,4.38,4.57,3.60,4.77,4.70
974,Qatar,2018,3.18,6.25,5.80,5.95,6.12,6.58,5.78,5.65,6.35,5.38,7.12,6.13
7,Russia,2018,5.22,3.72,3.43,3.37,2.90,4.83,2.82,5.03,6.28,3.18,6.02,4.60
966,"Saudi Arabia",2018,3.42,4.58,3.75,4.02,2.03,3.17,2.92,3.75,4.87,3.68,6.13,5.42
421,Slovakia,2018,3.28,2.50,2.98,3.43,2.75,3.88,3.27,5.35,4.28,4.53,7.05,2.92
386,Slovenia,2018,4.75,4.40,3.32,4.92,3.12,4.85,4.35,4.98,5.17,4.83,6.90,3.75
82,"South Korea",2018,5.00,6.15,4.47,5.22,3.45,4.37,4.05,4.32,7.15,3.78,6.63,5.12
34,Spain,2018,4.67,4.75,4.12,5.48,3.55,5.42,4.60,5.22,4.82,4.62,6.20,5.07
249,Sudan,2018,4.47,2.77,3.02,2.88,2.72,3.92,3.15,4.82,7.18,3.20,4.98,4.40
46,Sweden,2018,3.88,4.05,3.70,4.82,4.00,4.65,4.20,4.98,5.80,4.93,7.05,4.83
41,Switzerland,2018,4.77,4.77,4.80,5.70,3.47,5.35,5.43,5.72,4.55,4.92,7.63,4.60
886,Taiwan,2018,4.65,6.00,5.57,5.52,3.87,5.50,5.13,5.72,5.83,5.87,7.83,5.65
66,Thailand,2018,5.45,4.60,4.20,4.18,3.77,4.93,4.13,4.85,6.00,4.47,6.42,5.65
90,Turkey,2018,5.35,4.48,3.58,4.18,2.95,5.08,4.52,5.47,6.13,4.18,6.02,4.98
971,"United Arab Emirates",2018,4.75,5.95,5.23,5.53,4.45,5.15,4.40,5.10,5.90,4.60,6.68,6.02
44,"United Kingdom",2018,4.33,3.43,4.97,4.05,3.00,4.35,4.25,5.13,4.90,4.52,5.62,4.97
1,"United States",2018,4.97,4.22,4.73,4.45,4.33,5.48,4.42,5.88,5.48,4.88,6.98,7.17
598,Uruguay,2018,5.95,4.30,3.50,5.50,2.67,5.73,4.38,4.60,3.78,4.03,6.05,3.53
54,Argentina,2017,3.58,6.25,3.10,5.28,2.70,5.32,4.27,4.82,5.43,3.88,5.37,5.17
61,Australia,2017,3.37,3.87,4.08,4.35,3.13,3.82,3.62,5.02,5.20,4.47,5.95,4.78
387,"Bosnia and Herzegovina",2017,4.38,3.45,3.20,4.30,3.50,4.78,3.47,5.80,5.07,4.20,6.53,4.00
55,Brazil,2017,3.90,3.12,2.63,3.25,2.43,4.03,3.07,4.30,6.10,3.67,5.22,3.65
359,Bulgaria,2017,4.32,3.10,4.83,3.72,3.17,4.18,3.47,5.13,4.95,4.22,6.95,4.40
101,Canada,2017,4.37,5.08,4.97,5.40,3.95,5.13,4.88,6.05,4.22,5.15,6.82,5.92
56,Chile,2017,5.17,4.15,4.62,5.13,2.63,4.55,3.48,4.22,4.17,3.95,7.02,5.03
86,China,2017,3.63,4.73,4.32,4.70,3.13,5.08,4.27,4.35,7.10,4.30,7.17,5.38
57,Colombia,2017,5.52,3.93,3.38,4.43,3.73,5.62,3.82,4.75,4.45,4.22,6.12,5.67
385,Croatia,2017,3.58,3.43,2.38,3.68,2.57,3.75,3.40,4.63,5.92,3.18,5.88,3.00
357,Cyprus,2017,4.03,4.17,4.95,3.45,3.18,4.45,4.00,5.13,4.18,4.12,6.57,4.20
593,Ecuador,2017,3.38,3.63,3.03,3.63,3.70,6.02,3.60,5.02,4.60,4.03,6.95,5.02
20,Egypt,2017,3.23,4.18,3.13,3.32,2.03,3.38,2.88,3.93,5.75,4.12,6.07,3.97
372,Estonia,2017,4.10,5.00,5.12,5.57,4.93,5.65,4.70,5.93,4.17,5.85,7.42,6.43
33,France,2017,5.45,5.67,5.05,5.40,3.07,5.55,4.97,5.33,4.40,4.12,7.07,4.38
49,Germany,2017,4.68,4.47,4.13,5.67,2.60,4.30,4.33,5.72,4.73,4.50,6.60,4.37
30,Greece,2017,4.73,3.32,2.62,3.22,2.92,4.45,3.88,4.70,4.92,3.90,6.02,4.15
502,Guatemala,2017,3.20,2.60,3.47,3.08,2.62,5.32,3.07,4.75,3.07,3.88,6.30,5.15
91,India,2017,2.70,5.37,3.53,4.68,3.62,4.85,4.53,4.87,6.15,4.12,6.90,4.65
62,Indonesia,2017,5.08,6.23,5.70,5.75,5.12,6.22,5.18,5.53,6.95,5.43,6.45,5.93
98,Iran,2017,6.18,3.72,2.13,2.23,3.08,3.67,2.62,2.10,4.52,2.15,6.10,4.07
353,Ireland,2017,2.90,4.40,4.65,5.72,3.18,4.38,4.43,5.12,4.32,4.58,5.57,5.00
972,Israel,2017,4.43,3.08,2.63,3.75,3.15,4.52,4.23,5.48,4.52,3.68,6.87,7.13
39,Italy,2017,5.52,4.13,3.22,4.00,2.92,4.60,4.45,4.45,5.20,4.48,5.42,3.97
81,Japan,2017,3.70,4.33,3.78,4.23,2.80,4.28,4.60,4.30,6.95,4.60,7.20,3.77
701,Kazakhstan,2017,4.92,5.35,4.30,4.30,3.25,3.83,3.28,5.22,4.72,4.25,6.08,4.77
371,Latvia,2017,4.63,4.62,3.73,4.75,4.27,5.03,3.85,5.77,4.55,4.37,6.78,5.13
961,Lebanon,2017,4.97,3.10,3.18,2.98,4.70,6.08,3.85,5.27,5.40,4.18,4.58,5.27
352,Luxembourg,2017,4.58,5.08,5.58,5.80,3.15,4.97,5.18,5.65,3.65,5.23,6.88,4.17
261,Madagascar,2017,4.10,3.70,4.03,3.28,2.37,5.23,3.45,4.63,4.43,3.67,4.45,3.88
60,Malaysia,2017,3.30,4.57,4.17,4.47,3.57,4.57,4.03,4.97,6.18,5.03,6.85,5.17
52,Mexico,2017,5.80,5.30,4.00,5.33,2.65,5.88,4.37,4.98,4.60,3.98,6.45,4.92
212,Morocco,2017,4.33,3.62,3.97,3.48,2.27,3.92,2.78,4.83,4.03,3.15,6.60,3.60
31,Netherlands,2017,3.37,5.43,5.70,6.05,5.67,6.18,5.28,6.15,5.47,6.22,7.68,6.68
507,Panama,2017,6.08,3.50,4.67,4.48,2.63,4.55,3.58,4.63,3.98,4.40,6.80,4.75
51,Peru,2017,3.20,4.38,3.62,4.58,3.65,5.18,3.52,4.30,4.28,4.35,5.88,5.50
48,Poland,2017,3.60,4.50,3.08,4.03,2.48,4.50,3.52,4.93,6.62,4.48,6.90,4.53
787,"Puerto Rico",2017,5.05,3.85,2.30,3.18,2.38,4.80,3.02,4.65,4.90,3.37,4.95,4.27
974,Qatar,2017,3.58,5.72,5.05,5.40,4.35,5.07,4.38,5.12,5.20,4.25,6.35,4.88
966,"Saudi Arabia",2017,4.40,3.92,3.72,3.82,2.35,3.62,2.97,3.33,5.48,3.80,5.63,5.00
421,Slovakia,2017,3.90,3.23,2.83,3.32,3.27,4.58,3.07,5.23,4.77,3.95,6.73,3.30
386,Slovenia,2017,4.83,4.25,3.07,4.43,3.47,4.75,4.38,4.93,5.25,4.27,6.55,3.83
27,"South Africa",2017,4.47,4.08,3.45,3.37,2.97,4.22,2.90,4.50,5.15,3.18,5.30,4.52
82,"South Korea",2017,4.18,5.77,4.50,4.88,2.93,3.88,3.87,3.90,6.98,3.35,6.62,4.98
34,Spain,2017,3.97,3.80,3.08,4.92,3.03,4.65,3.80,4.82,3.98,3.63,5.90,3.88
46,Sweden,2017,4.20,3.72,3.45,4.38,4.00,4.27,4.30,4.87,5.02,4.33,7.22,4.98
41,Switzerland,2017,4.80,4.83,5.72,5.57,3.68,6.43,5.72,5.48,4.72,4.77,7.30,5.38
886,Taiwan,2017,5.15,4.13,4.92,5.02,4.00,4.87,4.45,4.62,6.15,4.63,7.03,5.62
66,Thailand,2017,4.63,4.58,4.22,3.82,3.38,4.45,3.85,4.58,6.80,4.25,6.50,5.27
971,"United Arab Emirates",2017,5.00,6.23,5.93,5.38,5.05,5.53,4.87,5.75,5.52,5.33,7.33,6.77
44,"United Kingdom",2017,4.93,4.35,4.57,4.42,3.17,4.48,4.35,5.10,4.47,4.45,6.00,5.47
1,"United States",2017,4.57,5.03,4.17,4.35,3.35,4.77,3.82,4.98,3.73,3.85,6.35,6.72
598,Uruguay,2017,4.95,3.85,4.60,5.30,2.28,5.67,4.30,5.05,2.97,3.80,6.47,3.25
84,Vietnam,2017,3.58,3.17,4.00,3.48,3.05,4.35,3.65,4.70,6.92,4.65,6.98,6.03
54,Argentina,2016,3.78,5.50,2.23,4.85,2.95,5.20,3.97,4.45,5.43,3.57,5.28,5.13
61,Australia,2016,2.90,4.57,4.43,4.28,3.42,3.72,3.77,5.08,4.82,5.03,6.67,4.52
43,Austria,2016,4.58,4.27,3.72,6.25,2.30,4.83,4.62,5.82,4.33,5.38,7.55,3.78
501,Belize,2016,4.68,4.12,3.43,4.02,3.55,3.88,2.38,4.13,4.17,4.12,5.83,4.15
55,Brazil,2016,2.83,3.52,2.48,3.43,2.37,4.03,3.07,4.50,5.70,3.72,4.67,3.90
359,Bulgaria,2016,4.42,2.78,4.78,3.20,2.73,3.83,3.23,5.07,4.85,3.78,6.80,3.63
226,"Burkina Faso",2016,4.40,5.08,5.35,4.75,2.43,4.88,2.77,4.33,4.53,3.52,4.92,5.00
237,Cameroon,2016,3.00,4.58,4.07,4.63,3.30,5.35,3.88,5.08,4.73,4.22,5.32,5.13
101,Canada,2016,4.05,4.70,4.50,4.80,3.40,4.70,4.33,5.65,5.05,4.02,6.60,5.30
56,Chile,2016,4.47,4.33,4.77,5.08,2.47,4.90,4.02,5.00,3.75,4.00,7.35,5.05
86,China,2016,3.57,5.23,4.82,4.43,3.40,5.28,4.15,4.30,7.07,4.43,7.22,5.78
57,Colombia,2016,5.53,4.27,3.72,4.62,2.97,5.43,3.58,4.23,4.63,3.90,6.00,5.72
385,Croatia,2016,3.70,2.88,2.47,3.57,2.68,3.88,2.83,4.27,5.48,3.25,6.28,3.03
357,Cyprus,2016,3.83,3.82,4.10,3.35,2.92,4.65,3.63,5.10,4.57,4.33,6.10,4.00
593,Ecuador,2016,3.37,3.40,2.90,3.37,3.13,5.45,3.33,4.62,4.58,4.20,6.70,5.32
20,Egypt,2016,2.92,3.62,3.27,3.37,2.00,3.03,2.80,3.85,5.08,3.98,6.52,4.03
503,"El Salvador",2016,3.90,3.03,3.43,3.50,2.35,4.80,3.35,4.75,4.17,4.62,7.13,4.73
372,Estonia,2016,2.92,5.02,6.28,5.30,4.60,5.48,4.75,5.70,4.88,5.67,7.80,6.30
358,Finland,2016,4.88,5.43,5.30,4.77,3.93,5.00,4.62,5.58,4.70,5.07,7.63,4.55
33,France,2016,5.22,5.95,5.42,5.53,2.83,5.40,5.02,5.23,4.70,4.12,7.30,3.75
995,Georgia,2016,4.45,5.53,6.45,5.37,3.65,4.92,3.45,4.72,5.35,5.02,6.98,5.62
49,Germany,2016,4.05,3.95,4.13,5.72,2.83,4.32,4.15,5.57,5.22,5.13,6.27,4.32
30,Greece,2016,4.90,2.97,2.48,2.95,3.07,4.37,4.15,4.65,5.63,4.15,6.28,3.75
502,Guatemala,2016,3.58,3.07,3.63,3.10,3.03,5.47,3.42,5.03,3.93,3.70,6.22,5.10
852,"Hong Kong",2016,2.88,5.40,6.97,5.25,3.03,4.68,4.08,5.23,4.98,4.63,8.00,4.78
36,Hungary,2016,4.87,3.10,2.97,3.45,2.43,4.32,3.80,4.88,5.18,4.17,6.72,3.43
91,India,2016,4.50,5.57,4.35,4.70,4.00,5.02,4.78,5.18,6.27,4.97,6.48,5.18
62,Indonesia,2016,5.72,4.62,3.78,4.10,4.13,5.75,4.15,4.00,6.65,3.92,5.23,5.40
98,Iran,2016,4.62,3.33,2.70,2.27,2.43,3.05,3.02,3.08,5.00,2.72,6.32,3.50
353,Ireland,2016,2.92,4.63,4.72,5.62,3.63,4.50,4.63,5.10,4.12,4.83,5.52,5.03
972,Israel,2016,4.75,3.50,3.28,3.95,3.20,4.85,4.38,5.22,4.03,3.53,6.15,7.15
39,Italy,2016,4.55,3.43,2.97,3.23,3.08,4.85,4.05,4.33,4.48,4.12,5.12,3.97
876,Jamaica,2016,4.28,3.93,3.03,4.05,3.42,5.00,2.90,4.70,4.53,3.60,5.97,6.05
962,Jordan,2016,4.47,3.55,3.50,3.70,2.45,3.08,3.80,4.77,5.18,3.78,6.33,4.20
701,Kazakhstan,2016,4.07,5.18,4.43,4.68,3.23,4.32,3.25,5.25,4.67,4.10,5.95,5.08
371,Latvia,2016,4.83,3.95,3.28,4.10,3.82,4.82,3.67,6.13,4.68,4.15,7.03,4.58
961,Lebanon,2016,4.60,3.47,3.90,3.92,4.35,5.18,4.02,5.33,4.42,3.80,3.73,6.12
352,Luxembourg,2016,5.08,5.00,4.77,5.80,3.27,5.20,5.12,5.80,3.88,5.22,6.80,4.07
389,"North Macedonia",2016,3.85,3.50,4.47,3.95,3.87,4.43,3.52,5.17,5.62,3.57,6.13,3.77
60,Malaysia,2016,3.68,4.97,4.28,4.98,4.07,5.18,4.62,5.18,6.48,4.63,6.48,5.32
52,Mexico,2016,5.33,4.28,3.92,4.90,3.28,5.33,4.17,4.72,4.67,4.18,6.47,5.20
212,Morocco,2016,4.07,4.25,4.20,3.70,2.22,4.02,2.85,4.73,4.57,3.43,6.63,4.12
31,Netherlands,2016,3.63,5.32,5.63,5.67,5.47,5.95,5.30,5.82,5.77,6.12,7.82,6.28
507,Panama,2016,5.48,3.48,4.97,3.98,2.17,4.27,3.50,4.22,3.95,4.15,7.02,5.18
51,Peru,2016,3.15,3.52,3.22,4.05,3.22,4.88,3.27,3.70,4.32,4.00,5.83,4.97
48,Poland,2016,3.85,4.33,3.30,4.05,2.73,3.42,3.68,4.55,6.25,4.48,6.98,3.95
351,Portugal,2016,4.75,4.75,2.95,5.12,3.50,5.17,4.60,5.45,3.62,4.08,7.35,4.12
787,"Puerto Rico",2016,4.92,3.83,2.95,3.67,2.98,4.75,3.52,4.68,4.33,3.27,5.12,4.23
974,Qatar,2016,3.62,5.42,4.73,5.38,4.50,5.77,4.37,5.13,4.42,3.93,6.45,5.38
7,Russia,2016,4.45,3.42,3.18,3.08,3.15,4.77,2.80,4.90,5.80,3.33,5.58,3.37
966,"Saudi Arabia",2016,3.27,4.02,4.13,3.53,2.40,3.77,3.08,3.95,4.83,3.97,6.65,4.53
221,Senegal,2016,3.98,4.62,5.58,4.92,1.90,3.50,2.48,6.12,3.05,4.12,7.65,3.17
421,Slovakia,2016,3.28,2.95,3.20,3.43,3.43,4.62,3.27,4.83,4.38,4.08,6.73,3.68
386,Slovenia,2016,4.85,4.08,3.15,4.32,2.85,4.35,3.83,5.08,5.28,4.15,6.92,3.30
27,"South Africa",2016,3.98,4.77,2.97,3.15,3.05,3.95,3.30,5.05,5.18,3.47,5.75,4.10
82,"South Korea",2016,4.25,5.93,4.65,5.35,3.32,4.03,4.23,4.33,7.07,3.83,6.62,4.95
34,Spain,2016,4.08,3.17,3.33,5.15,2.90,3.58,4.48,5.42,4.55,4.72,5.80,4.52
46,Sweden,2016,3.95,3.85,3.97,4.78,4.17,4.23,4.27,4.98,5.82,4.47,6.78,5.07
41,Switzerland,2016,4.52,5.28,5.32,5.85,4.08,5.80,5.70,5.82,4.80,5.35,7.67,5.67
886,Taiwan,2016,5.20,4.38,4.50,5.02,4.00,4.40,4.65,4.63,6.13,4.92,6.35,5.18
66,Thailand,2016,4.73,4.12,3.90,3.65,3.17,4.83,3.97,4.95,6.05,4.23,6.57,5.15
90,Turkey,2016,4.72,4.47,3.03,3.77,2.80,4.83,4.38,5.37,6.17,4.05,5.82,4.82
971,"United Arab Emirates",2016,4.67,5.85,5.50,5.57,4.47,4.73,4.25,5.48,5.73,5.00,7.08,6.15
44,"United Kingdom",2016,4.43,3.70,4.63,3.98,2.95,4.17,3.78,4.78,4.08,5.08,6.02,4.67
1,"United States",2016,4.45,4.10,4.17,4.58,3.27,4.58,4.10,5.50,5.05,4.75,6.85,6.78
598,Uruguay,2016,5.18,3.18,3.72,5.00,2.13,5.22,3.70,4.77,3.55,3.87,6.50,3.42
54,Argentina,2015,3.33,3.07,2.25,3.65,3.12,4.73,3.82,4.68,5.55,3.78,5.80,4.90
61,Australia,2015,3.17,3.73,4.20,4.22,3.72,4.22,3.68,5.10,4.83,4.68,6.40,4.77
246,Barbados,2015,3.97,3.88,2.62,3.55,2.80,4.60,2.82,4.72,4.45,3.53,6.12,4.25
32,Belgium,2015,3.05,6.60,3.25,4.77,3.25,5.40,4.57,6.27,4.85,5.15,6.47,4.17
267,Botswana,2015,5.28,4.10,4.08,4.08,4.20,5.00,3.90,4.17,4.98,3.47,4.95,4.67
55,Brazil,2015,4.05,3.67,2.55,3.45,2.37,3.88,2.98,4.20,5.07,3.48,4.80,3.97
359,Bulgaria,2015,3.93,2.97,4.80,3.45,2.55,4.15,3.67,5.22,3.55,3.93,6.58,3.52
226,"Burkina Faso",2015,4.45,3.90,4.72,4.10,2.17,4.55,3.07,4.90,4.35,3.83,4.75,4.68
237,Cameroon,2015,3.67,4.60,3.92,4.45,3.20,4.62,3.72,5.12,4.15,4.03,5.02,4.70
101,Canada,2015,3.63,4.70,5.27,5.00,4.18,5.32,4.30,6.32,3.77,4.95,6.90,5.87
56,Chile,2015,5.23,4.72,5.35,5.48,2.53,4.93,3.48,4.68,3.40,3.88,7.32,5.17
86,China,2015,3.60,5.92,4.47,4.38,2.73,5.08,4.12,4.38,7.25,4.23,6.93,4.97
57,Colombia,2015,4.88,3.85,3.50,4.37,2.95,5.35,3.43,4.15,4.03,4.17,6.05,5.20
385,Croatia,2015,3.20,3.03,2.25,3.28,2.20,3.57,2.95,4.33,6.07,3.07,6.37,2.70
593,Ecuador,2015,3.40,4.72,3.40,4.40,3.90,6.25,3.73,4.92,3.83,4.22,7.40,5.78
20,Egypt,2015,3.48,3.37,3.17,3.38,1.93,3.05,2.97,4.22,5.10,3.82,6.35,3.82
372,Estonia,2015,3.57,3.88,4.97,4.88,4.27,4.85,4.53,5.18,5.33,5.10,7.32,5.75
358,Finland,2015,4.90,5.33,4.88,4.60,3.80,4.25,3.97,5.70,5.47,4.67,7.42,4.48
49,Germany,2015,4.32,4.23,3.90,5.62,2.75,4.15,3.97,5.88,4.48,5.08,6.35,4.22
30,Greece,2015,4.32,3.08,2.58,2.92,2.80,4.63,3.87,4.52,5.03,3.15,6.12,3.57
502,Guatemala,2015,3.07,2.82,3.37,3.30,2.23,4.60,2.83,4.15,3.23,3.33,6.00,4.37
36,Hungary,2015,2.92,2.77,2.62,3.35,2.58,4.37,3.62,4.42,5.45,3.95,6.08,3.40
91,India,2015,4.00,5.52,4.03,4.53,4.12,5.12,4.30,4.95,5.63,4.77,6.08,5.45
62,Indonesia,2015,5.72,5.07,4.50,4.77,4.45,5.92,4.87,4.75,6.27,4.50,5.32,5.72
98,Iran,2015,4.85,3.78,3.32,2.25,2.80,3.30,2.97,2.92,5.93,3.03,6.55,3.65
353,Ireland,2015,3.33,5.02,4.82,5.93,3.67,4.97,4.70,6.10,3.85,5.18,6.77,5.47
972,Israel,2015,5.37,3.68,2.80,4.00,3.05,4.32,4.50,5.55,4.00,3.57,6.37,7.33
39,Italy,2015,5.12,3.22,2.53,3.37,2.95,4.23,3.97,4.28,4.33,4.10,5.07,3.60
81,Japan,2015,4.00,5.08,3.83,4.12,2.47,4.30,4.50,3.53,6.32,4.27,6.80,3.92
701,Kazakhstan,2015,4.23,5.28,4.55,4.42,3.72,4.33,3.30,4.83,5.88,4.18,5.77,4.95
371,Latvia,2015,3.70,3.73,3.88,4.63,3.97,5.38,3.55,6.07,4.82,4.58,6.57,4.78
961,Lebanon,2015,4.53,3.38,4.15,4.18,4.30,4.97,4.17,5.65,4.28,4.23,4.48,6.28
352,Luxembourg,2015,5.23,5.25,5.47,5.98,3.58,5.40,5.38,6.00,3.95,5.47,6.77,4.13
389,"North Macedonia",2015,4.07,4.10,4.65,4.52,3.65,4.87,4.07,5.17,5.73,3.73,6.38,4.17
60,Malaysia,2015,3.98,5.22,5.17,5.68,4.15,5.27,4.90,5.72,6.07,4.70,7.07,5.83
52,Mexico,2015,5.73,4.72,3.82,5.03,2.68,5.55,4.10,4.72,5.42,3.63,6.27,5.05
212,Morocco,2015,4.12,3.70,3.70,3.88,2.02,3.35,3.18,5.07,4.80,3.75,6.90,3.72
31,Netherlands,2015,4.27,5.38,5.78,5.83,4.93,5.65,5.22,5.88,4.92,6.08,7.35,5.80
47,Norway,2015,5.72,3.78,4.33,4.38,4.02,4.20,4.25,5.45,5.23,4.23,6.75,4.72
507,Panama,2015,4.22,2.90,5.53,3.80,2.20,3.75,3.42,4.47,4.23,4.37,7.03,5.20
51,Peru,2015,3.40,3.23,3.22,3.72,2.98,5.02,3.17,3.67,3.87,3.82,5.67,4.90
63,Philippines,2015,3.15,3.98,3.10,3.70,5.03,6.38,4.08,5.17,6.12,4.17,5.47,5.70
48,Poland,2015,5.15,4.60,3.52,4.65,2.55,3.87,3.58,4.50,6.33,4.55,6.78,4.40
351,Portugal,2015,4.77,4.85,5.87,4.63,5.72,4.65,5.30,4.53,5.67,5.07,3.50,5.30
787,"Puerto Rico",2015,4.55,4.22,2.52,3.45,2.28,4.23,3.00,4.72,4.38,3.73,5.57,3.85
40,Romania,2015,3.40,3.48,3.43,3.63,3.92,4.55,3.60,6.07,4.17,3.97,4.83,4.02
221,Senegal,2015,3.28,4.22,4.95,4.23,2.20,4.07,2.58,5.30,3.50,4.00,6.35,3.95
421,Slovakia,2015,3.72,3.78,3.47,3.75,3.30,4.08,3.23,5.47,4.07,4.32,6.88,3.35
386,Slovenia,2015,4.27,4.08,3.22,4.58,2.87,3.97,3.82,4.70,5.22,3.85,6.38,3.47
27,"South Africa",2015,4.25,4.22,3.35,3.10,3.17,4.27,3.50,4.85,4.42,4.05,5.87,3.47
82,"South Korea",2015,4.12,5.80,4.57,4.95,2.85,3.97,3.55,3.95,7.18,3.27,6.88,4.88
34,Spain,2015,3.87,4.08,3.87,4.82,3.48,4.30,3.93,4.47,4.47,4.30,5.10,4.38
46,Sweden,2015,4.00,4.05,3.97,4.63,3.90,3.93,4.08,5.10,5.82,4.48,7.30,5.05
41,Switzerland,2015,4.68,5.73,5.82,5.98,4.93,6.18,6.22,6.20,4.50,5.63,7.72,5.87
886,Taiwan,2015,5.23,4.50,4.57,4.18,3.15,4.35,4.12,4.45,5.88,4.23,7.18,4.78
66,Thailand,2015,4.75,4.13,4.13,3.83,3.63,4.47,4.02,4.88,6.35,4.13,6.38,5.58
216,Tunisia,2015,4.20,3.97,2.78,3.63,1.92,3.35,2.82,5.82,6.95,2.87,6.72,4.03
90,Turkey,2015,4.30,4.40,3.57,4.13,2.43,5.10,4.22,5.12,5.58,3.95,6.30,5.20
44,"United Kingdom",2015,3.82,4.67,4.23,4.52,4.02,5.18,4.22,5.07,5.10,4.70,5.98,5.43
1,"United States",2015,5.42,4.37,4.68,4.12,3.58,4.50,4.23,5.37,5.65,4.42,6.97,6.70
598,Uruguay,2015,5.37,3.48,3.83,5.10,2.27,4.68,4.17,5.08,3.32,4.17,6.13,3.55
84,Vietnam,2015,3.80,4.37,4.63,3.57,2.62,4.22,3.88,4.62,5.98,4.18,6.78,5.38
244,Angola,2014,3.53,4.30,3.60,4.00,3.18,3.70,2.95,4.55,4.97,3.62,3.93,4.80
54,Argentina,2014,4.38,3.47,2.48,4.50,3.03,5.18,4.15,4.75,5.40,4.22,5.52,5.02
61,Australia,2014,3.38,3.05,4.07,3.72,3.65,4.75,3.63,5.70,5.05,4.65,6.52,5.32
43,Austria,2014,3.90,4.10,4.33,5.97,2.77,5.03,4.70,5.67,4.15,5.55,6.87,4.10
246,Barbados,2014,4.18,4.03,3.12,3.83,2.85,4.93,2.97,4.53,3.43,4.03,6.25,4.35
32,Belgium,2014,4.03,4.37,3.30,4.52,3.25,4.58,4.98,6.23,4.17,5.32,6.32,3.58
501,Belize,2014,5.63,4.25,3.67,4.08,3.42,4.22,2.95,4.47,3.85,4.23,5.68,4.42
591,Bolivia,2014,3.57,3.58,3.28,3.90,3.55,5.18,3.88,4.68,4.97,4.42,5.50,4.65
387,"Bosnia and Herzegovina",2014,3.75,3.55,2.90,3.45,3.43,4.05,3.27,4.87,5.58,3.60,5.58,3.58
267,Botswana,2014,3.82,4.35,4.37,4.52,4.57,5.15,4.08,4.27,4.80,3.40,5.00,4.85
55,Brazil,2014,4.52,4.00,2.43,3.73,2.47,4.23,3.33,4.17,5.60,3.73,4.88,3.93
226,"Burkina Faso",2014,4.10,4.80,5.15,5.07,2.10,4.63,2.95,4.67,3.73,3.95,5.07,5.13
237,Cameroon,2014,3.48,5.30,4.67,4.77,3.65,5.38,3.42,4.77,4.00,4.62,5.50,5.27
101,Canada,2014,3.60,4.17,4.75,4.77,3.87,5.23,4.28,5.82,3.85,4.92,7.13,5.47
56,Chile,2014,5.17,4.62,4.85,5.10,2.72,4.97,3.67,4.67,3.63,4.28,7.22,5.15
86,China,2014,3.92,5.12,4.60,4.23,2.95,4.68,4.13,4.48,6.35,4.40,6.98,4.82
57,Colombia,2014,4.32,4.58,4.02,4.92,3.57,4.95,3.62,4.65,4.50,4.25,5.63,4.95
506,"Costa Rica",2014,3.95,3.98,3.37,4.67,3.22,5.12,3.53,4.38,4.03,4.30,5.65,4.83
385,Croatia,2014,3.17,3.58,2.58,3.78,2.80,3.92,3.40,4.83,5.62,3.47,6.12,3.37
45,Denmark,2014,3.87,5.55,5.52,5.72,5.17,5.72,4.62,5.93,4.05,5.73,7.48,4.70
593,Ecuador,2014,4.55,4.97,3.65,4.43,3.93,5.30,3.92,4.60,4.10,4.53,6.75,4.98
503,"El Salvador",2014,3.65,3.77,3.20,4.17,2.73,4.60,3.13,4.42,4.47,4.10,6.48,4.65
372,Estonia,2014,3.13,4.05,5.97,5.65,4.38,4.98,4.87,5.35,5.65,5.20,7.32,5.65
358,Finland,2014,4.77,5.28,4.92,4.62,3.80,4.50,4.35,5.33,5.38,4.53,7.08,4.60
33,France,2014,4.70,4.98,4.93,5.28,2.92,4.87,4.55,5.10,5.03,3.90,6.73,3.57
995,Georgia,2014,4.62,4.90,6.58,3.95,3.92,4.85,3.05,5.17,4.35,4.87,6.70,5.32
49,Germany,2014,3.58,4.88,4.78,5.77,3.55,4.68,4.58,5.57,4.73,4.68,6.37,4.42
30,Greece,2014,4.73,3.45,2.90,3.25,2.50,3.85,3.77,5.08,5.70,3.53,5.88,4.12
502,Guatemala,2014,3.52,3.18,3.50,3.12,2.88,5.10,3.48,4.82,4.02,4.22,6.38,4.07
36,Hungary,2014,3.40,4.05,3.22,4.02,2.80,4.70,4.02,5.48,5.22,4.37,6.57,3.87
91,India,2014,4.38,5.00,4.05,4.90,3.88,5.15,4.77,5.67,5.75,4.78,6.60,5.72
62,Indonesia,2014,5.18,4.85,4.13,4.28,4.33,5.52,4.38,4.93,5.93,4.82,5.77,5.52
98,Iran,2014,5.05,2.92,2.62,2.67,2.92,3.70,3.47,3.58,5.30,2.82,6.63,3.75
353,Ireland,2014,3.15,5.40,4.40,5.43,3.48,4.92,4.70,5.48,4.32,5.22,6.18,4.92
39,Italy,2014,4.78,4.00,2.50,3.47,2.80,3.88,3.63,4.72,5.83,4.35,4.87,3.70
876,Jamaica,2014,4.25,3.67,3.32,3.90,3.45,5.05,3.28,4.77,4.83,3.70,5.72,4.93
81,Japan,2014,3.73,5.20,4.27,4.67,2.73,4.70,5.25,4.07,6.53,4.75,7.45,4.30
701,Kazakhstan,2014,5.02,5.82,4.42,4.87,4.02,4.55,3.55,5.18,5.10,3.83,5.97,5.67
383,Kosovo,2014,3.68,3.62,5.12,3.68,3.10,4.78,3.27,5.52,5.12,4.35,6.77,5.25
965,Kuwait,2014,3.47,3.17,4.08,3.22,2.53,4.28,3.48,5.10,6.48,3.42,5.83,4.47
371,Latvia,2014,4.45,4.33,4.17,4.58,4.18,5.28,3.88,6.23,3.78,4.63,6.67,4.75
370,Lithuania,2014,4.25,3.98,4.10,4.53,3.95,5.12,4.35,6.50,5.63,4.43,6.98,5.15
352,Luxembourg,2014,5.32,5.68,5.37,5.78,3.55,4.83,4.97,5.83,4.60,5.08,6.73,4.27
60,Malaysia,2014,4.60,5.58,4.77,5.47,4.08,5.20,4.47,5.52,5.92,4.72,6.80,5.90
52,Mexico,2014,5.57,3.78,3.12,4.48,3.33,5.20,4.07,4.40,4.68,3.68,5.48,4.98
31,Netherlands,2014,3.67,4.32,5.22,5.25,4.75,5.28,4.80,6.13,4.75,5.67,8.03,5.97
47,Norway,2014,4.68,4.15,5.30,5.30,4.13,4.27,4.63,5.70,4.32,4.40,7.38,4.77
507,Panama,2014,4.30,3.52,4.92,4.20,2.78,4.63,3.92,4.47,3.93,4.22,6.68,4.58
51,Peru,2014,3.32,3.68,3.57,3.55,3.30,4.78,3.12,4.68,4.05,4.50,5.87,5.15
63,Philippines,2014,3.67,4.03,3.52,4.05,4.82,5.47,3.45,4.87,5.15,4.22,5.20,5.08
48,Poland,2014,4.28,5.12,3.60,4.62,2.92,4.23,4.07,4.62,6.73,4.58,6.32,4.93
351,Portugal,2014,4.62,4.28,3.35,5.00,3.40,5.07,4.60,5.57,4.00,4.58,7.38,4.25
787,"Puerto Rico",2014,4.55,4.03,2.97,4.27,2.77,5.12,3.80,4.73,4.35,3.83,5.42,4.60
974,Qatar,2014,3.27,5.25,4.92,4.83,4.53,5.55,4.02,4.92,5.42,3.47,5.73,4.82
40,Romania,2014,4.53,4.22,3.73,4.18,3.90,4.47,4.32,5.15,5.23,4.77,4.82,4.35
7,Russia,2014,4.05,3.93,3.78,4.00,3.85,5.17,3.95,5.42,5.23,4.25,5.78,4.57
65,Singapore,2014,3.78,5.80,6.63,6.13,5.03,5.57,5.28,5.38,5.70,5.07,7.42,5.27
421,Slovakia,2014,5.93,3.80,3.60,3.77,3.68,4.97,3.55,5.12,4.38,4.73,6.57,4.00
386,Slovenia,2014,4.55,3.55,3.20,4.05,2.95,3.90,3.82,4.52,5.07,4.27,5.93,3.43
27,"South Africa",2014,3.88,5.03,3.55,3.88,3.05,4.35,3.65,4.40,4.90,3.78,5.10,4.20
34,Spain,2014,5.03,4.17,4.00,4.80,3.07,4.35,4.08,5.05,4.78,4.12,6.07,4.40
597,Suriname,2014,3.57,4.48,3.93,4.03,3.52,5.88,3.35,5.25,5.00,4.97,5.02,4.93
46,Sweden,2014,3.83,4.57,4.22,5.00,4.25,4.58,4.42,5.47,5.22,4.67,7.08,5.12
41,Switzerland,2014,4.38,5.13,6.17,5.80,4.27,5.70,5.95,5.85,3.90,4.95,7.42,5.67
886,Taiwan,2014,5.38,4.52,4.85,4.55,3.65,4.62,4.47,4.42,6.43,4.63,6.50,5.43
66,Thailand,2014,4.97,4.20,4.35,3.52,3.23,4.65,3.55,5.37,6.00,3.95,6.20,4.75
868,"Trinidad and Tobago",2014,4.18,3.02,3.97,3.90,3.05,4.18,3.25,4.90,3.82,3.90,6.27,4.75
90,Turkey,2014,4.43,4.48,3.32,3.87,3.40,4.80,4.32,4.75,5.93,3.92,6.10,5.12
256,Uganda,2014,4.02,4.57,3.67,4.23,4.03,5.18,3.68,5.15,5.88,4.73,5.57,5.65
44,"United Kingdom",2014,3.87,4.83,3.88,4.37,4.07,5.03,3.67,4.92,5.47,4.55,5.90,4.72
1,"United States",2014,4.62,4.48,3.88,4.35,3.68,4.78,4.40,5.20,5.50,4.45,6.63,6.25
598,Uruguay,2014,4.98,3.70,4.63,4.82,2.35,5.72,4.15,5.03,3.48,4.00,6.32,3.52
84,Vietnam,2014,3.68,4.88,4.10,3.92,3.05,4.40,3.83,4.88,6.18,4.05,6.25,5.22
213,Algeria,2013,3.95,5.32,4.27,4.58,4.08,5.27,4.80,4.77,6.67,4.95,5.78,5.32
244,Angola,2013,5.70,4.87,3.73,3.72,2.73,3.53,3.08,4.17,5.12,3.30,3.80,4.68
54,Argentina,2013,4.32,3.30,2.57,4.60,3.60,5.50,4.43,5.08,5.30,4.30,5.75,5.40
246,Barbados,2013,3.58,4.70,3.32,3.87,3.40,4.45,2.73,4.98,4.22,3.92,5.68,4.10
32,Belgium,2013,3.25,4.30,3.63,5.43,3.32,5.15,4.32,5.47,4.68,4.48,6.25,3.63
387,"Bosnia and Herzegovina",2013,4.37,3.30,3.00,3.40,3.40,4.27,3.15,4.52,5.63,3.40,5.53,3.60
267,Botswana,2013,3.60,4.40,4.42,4.32,3.78,5.08,3.57,4.45,5.20,4.72,5.45,4.67
55,Brazil,2013,4.57,4.17,2.80,3.80,2.58,4.02,3.33,3.92,5.03,3.55,5.07,4.57
101,Canada,2013,3.90,4.78,3.92,4.60,3.67,4.45,4.18,5.23,4.98,4.28,6.50,5.30
56,Chile,2013,4.27,5.73,5.38,5.10,2.88,4.52,3.72,4.45,4.00,3.80,6.95,4.72
86,China,2013,4.12,4.43,4.32,4.37,2.70,4.53,4.17,4.38,6.47,4.32,6.67,5.00
57,Colombia,2013,4.13,4.72,4.32,4.98,3.77,5.32,3.95,4.72,4.82,4.62,5.53,5.15
385,Croatia,2013,3.77,3.65,3.05,4.13,3.10,4.38,3.47,4.50,6.05,3.52,5.83,3.37
420,"Czech Republic",2013,3.82,3.40,3.37,3.82,2.63,4.00,3.73,5.17,4.35,4.37,6.68,3.40
593,Ecuador,2013,4.12,4.78,3.50,4.13,3.40,5.38,3.50,4.80,3.75,3.97,6.93,5.12
372,Estonia,2013,3.72,4.20,5.22,5.45,3.75,5.07,4.82,5.07,6.02,4.23,7.13,5.77
358,Finland,2013,4.48,5.45,5.15,4.82,4.43,4.90,4.98,5.75,4.72,4.80,7.08,4.85
33,France,2013,4.62,5.47,4.98,5.28,2.88,4.48,4.13,5.03,5.40,3.98,7.03,3.68
49,Germany,2013,4.75,4.30,4.32,5.72,3.23,4.32,4.67,5.53,5.30,4.62,6.18,4.63
233,Ghana,2013,4.73,4.52,3.67,3.82,3.47,4.85,3.45,5.00,5.13,4.98,4.98,5.15
30,Greece,2013,4.32,3.43,3.07,3.38,2.82,4.27,3.60,5.28,5.30,3.65,6.03,3.75
502,Guatemala,2013,3.32,3.60,3.52,4.05,3.00,5.30,3.63,5.63,3.93,3.93,6.40,4.38
36,Hungary,2013,3.65,3.82,3.20,3.92,3.18,4.67,4.23,5.58,5.17,4.50,6.50,4.30
91,India,2013,4.62,3.15,3.07,3.42,2.50,4.03,3.23,4.92,5.85,4.15,6.13,4.48
62,Indonesia,2013,4.70,4.48,3.70,4.22,4.23,5.50,3.85,5.42,6.53,4.70,5.75,5.48
98,Iran,2013,5.10,3.08,2.72,2.57,2.48,3.55,3.22,3.52,5.25,2.93,6.75,3.68
353,Ireland,2013,3.38,4.87,4.62,5.32,3.35,4.63,4.82,5.67,4.43,4.80,6.42,4.95
972,Israel,2013,4.32,3.33,2.88,3.75,3.38,5.07,3.92,5.45,4.45,3.60,6.77,6.35
39,Italy,2013,4.72,3.38,2.57,3.43,2.85,4.33,4.10,5.17,5.83,4.10,5.57,3.57
876,Jamaica,2013,4.10,4.27,3.68,3.80,3.68,5.83,3.87,5.40,6.35,4.45,6.38,5.90
371,Latvia,2013,4.88,4.90,4.93,5.00,4.55,5.50,3.95,5.63,4.33,5.05,6.78,5.22
218,Libya,2013,4.78,3.35,4.38,2.92,2.35,3.83,3.05,4.85,5.33,4.73,4.97,4.18
370,Lithuania,2013,3.57,3.98,3.32,4.37,3.98,4.62,3.95,5.77,6.60,4.25,6.98,5.00
352,Luxembourg,2013,4.63,5.67,5.65,6.02,3.68,4.88,4.63,5.45,4.98,4.90,6.53,3.97
389,"North Macedonia",2013,4.30,4.42,4.77,4.23,3.78,5.08,3.95,5.03,5.00,3.93,5.90,4.72
265,Malawi,2013,3.88,3.83,3.15,3.42,3.63,4.82,3.17,4.63,5.73,4.43,4.68,4.05
60,Malaysia,2013,3.22,5.08,4.23,5.00,3.88,5.05,4.90,5.28,5.65,4.57,6.92,5.22
52,Mexico,2013,5.70,5.05,3.73,5.10,3.27,5.42,4.33,4.53,4.18,3.98,6.43,5.13
264,Namibia,2013,3.97,4.92,3.53,3.98,4.62,5.17,3.35,4.62,5.03,4.28,5.82,5.33
31,Netherlands,2013,4.33,4.93,5.37,5.05,5.08,5.57,4.72,6.42,4.85,5.57,7.65,5.22
234,Nigeria,2013,4.60,3.28,3.05,3.73,3.55,4.65,2.88,4.32,5.47,3.90,4.97,5.53
47,Norway,2013,3.42,3.98,4.60,4.92,4.33,4.37,4.77,6.02,4.80,4.37,6.90,4.60
507,Panama,2013,4.65,4.50,4.72,5.13,2.65,4.65,3.82,4.60,4.62,4.02,6.37,5.05
51,Peru,2013,3.93,3.40,3.52,3.70,3.42,4.73,3.20,4.55,4.32,4.30,5.75,4.83
63,Philippines,2013,3.75,5.00,3.82,5.22,5.10,5.67,4.17,5.62,6.37,4.77,6.15,5.92
48,Poland,2013,5.38,4.33,3.45,4.42,3.07,3.97,3.58,4.95,6.38,4.73,6.07,4.72
351,Portugal,2013,4.52,4.33,2.98,4.78,3.62,4.92,4.55,5.63,3.93,4.08,7.40,4.28
787,"Puerto Rico",2013,4.85,3.90,2.57,4.18,2.67,5.00,3.50,4.87,5.03,3.68,5.63,4.12
40,Romania,2013,3.17,3.93,3.33,3.97,3.87,4.88,4.32,5.07,5.48,4.53,4.88,3.85
7,Russia,2013,3.85,3.17,3.12,3.05,3.65,4.52,3.43,5.08,5.35,3.50,5.22,4.17
65,Singapore,2013,3.35,6.08,6.90,6.12,4.65,5.40,5.37,5.88,5.78,5.65,7.52,5.35
421,Slovakia,2013,5.88,3.17,3.23,3.60,3.22,4.62,3.23,4.65,5.07,4.20,6.43,3.15
386,Slovenia,2013,3.60,3.18,3.42,4.22,3.43,4.68,3.98,4.70,5.17,3.93,6.48,3.72
27,"South Africa",2013,3.65,4.92,3.52,3.68,2.95,3.87,3.48,4.48,4.58,5.22,4.60,4.98
82,"South Korea",2013,5.55,5.73,4.45,4.98,3.43,4.08,4.18,3.90,6.82,3.87,6.68,5.15
34,Spain,2013,3.82,3.90,3.35,5.08,2.28,3.75,3.65,4.22,3.57,3.80,6.52,3.52
597,Suriname,2013,2.98,4.03,3.68,3.30,3.55,5.45,3.03,4.65,4.47,3.70,5.52,4.65
46,Sweden,2013,4.05,4.55,4.18,4.53,3.88,3.92,3.98,4.95,5.68,4.37,7.05,5.27
41,Switzerland,2013,3.87,5.73,6.15,5.78,3.93,5.60,5.80,5.92,4.57,5.42,7.82,5.52
886,Taiwan,2013,5.02,4.50,4.58,3.87,3.33,4.45,4.15,5.70,5.00,4.67,5.00,6.02
66,Thailand,2013,6.13,4.10,3.97,4.05,3.80,5.20,4.25,5.58,6.18,4.65,6.80,5.07
868,"Trinidad and Tobago",2013,5.00,3.60,3.72,4.00,3.53,5.02,3.27,5.20,4.62,3.37,6.40,5.03
90,Turkey,2013,5.17,4.92,4.48,4.52,3.82,4.88,4.12,5.08,5.32,4.57,6.28,5.35
256,Uganda,2013,4.43,3.90,3.32,4.07,3.73,5.15,3.52,5.48,6.42,4.58,5.62,5.15
44,"United Kingdom",2013,4.12,4.92,4.40,4.42,3.62,4.30,4.22,5.17,4.73,4.53,6.52,5.15
1,"United States",2013,4.52,4.63,3.70,4.38,3.65,5.13,4.07,5.35,5.40,4.85,7.02,6.53
598,Uruguay,2013,4.37,3.83,4.72,5.27,2.88,5.78,4.93,5.17,3.28,4.62,6.37,4.00
84,Vietnam,2013,3.67,4.82,4.62,4.17,3.28,4.40,4.23,4.82,5.83,4.43,5.97,5.17
260,Zambia,2013,4.00,3.53,3.90,3.58,3.42,4.10,2.80,4.27,5.13,4.53,4.83,4.40
213,Algeria,2012,3.18,5.48,4.67,5.12,3.65,5.53,4.68,4.72,6.25,5.07,5.55,5.28
244,Angola,2012,5.40,4.57,3.65,3.60,3.22,3.73,2.85,4.42,4.90,3.58,3.80,4.90
54,Argentina,2012,4.57,3.83,2.48,4.83,3.08,5.18,4.30,4.95,5.48,4.58,5.98,5.03
43,Austria,2012,3.53,4.63,4.70,5.87,2.87,5.08,4.77,6.03,4.12,5.60,7.02,4.07
246,Barbados,2012,4.35,3.98,3.50,4.18,3.35,4.90,3.37,5.03,3.62,4.10,5.85,4.70
32,Belgium,2012,3.43,4.67,3.67,4.95,3.33,5.03,4.37,5.72,4.42,5.12,6.42,3.90
387,"Bosnia and Herzegovina",2012,5.07,3.50,2.88,3.55,3.90,4.58,3.28,4.73,5.37,3.47,5.42,3.53
267,Botswana,2012,3.87,4.57,3.82,4.00,3.35,4.43,3.57,4.85,5.22,4.17,5.12,4.55
55,Brazil,2012,4.53,3.83,2.70,3.80,2.62,4.02,3.30,4.23,5.70,3.70,4.98,4.43
56,Chile,2012,4.03,5.12,4.95,4.95,3.27,5.02,3.58,4.57,4.18,4.13,6.78,4.82
86,China,2012,3.82,4.35,4.27,4.18,2.92,4.58,4.45,4.65,6.13,4.32,6.55,4.95
57,Colombia,2012,3.95,5.18,4.28,4.93,4.12,5.25,4.20,4.63,4.17,4.35,5.25,5.07
506,"Costa Rica",2012,3.87,4.48,3.43,4.63,3.62,4.98,4.23,4.92,4.32,4.42,5.85,4.77
385,Croatia,2012,3.42,3.27,2.90,3.65,3.25,4.42,3.55,4.63,5.78,3.48,5.83,3.30
45,Denmark,2012,3.53,4.18,4.27,5.22,4.35,4.42,4.15,5.38,4.68,4.35,6.82,4.30
593,Ecuador,2012,3.87,4.78,3.52,3.98,3.23,5.12,3.33,4.78,4.22,4.13,6.88,4.48
20,Egypt,2012,3.77,3.43,3.38,3.10,2.13,3.03,3.05,4.40,5.43,3.98,6.08,3.55
503,"El Salvador",2012,3.97,3.12,3.68,3.85,3.03,4.68,2.95,4.38,3.62,4.07,6.67,5.17
372,Estonia,2012,3.10,3.95,5.90,4.88,3.30,4.52,4.65,5.30,5.97,5.02,7.20,5.63
251,Ethiopia,2012,4.58,5.90,5.12,4.37,3.97,5.02,3.70,4.45,6.52,4.50,5.55,4.93
358,Finland,2012,4.00,5.28,5.52,4.92,4.12,4.78,4.52,5.75,4.63,4.77,7.08,4.62
33,France,2012,4.55,5.87,4.82,6.02,3.27,5.40,4.53,5.45,5.08,4.57,6.52,4.20
49,Germany,2012,4.77,4.82,4.63,5.95,3.45,4.80,4.53,5.57,4.85,4.73,6.45,4.57
233,Ghana,2012,4.82,3.75,3.78,3.62,3.67,4.43,3.45,4.73,5.68,4.17,5.28,4.98
30,Greece,2012,3.55,2.65,3.02,2.87,2.72,4.07,3.58,4.95,5.00,3.53,5.57,3.42
36,Hungary,2012,2.75,3.83,3.20,4.20,2.67,4.57,4.07,5.28,4.70,4.00,6.73,4.00
91,India,2012,4.18,4.87,3.63,4.65,3.20,4.55,4.23,5.17,5.22,4.75,6.18,5.33
98,Iran,2012,5.15,3.82,3.08,2.88,2.33,4.07,3.13,4.83,5.98,3.58,7.10,3.80
353,Ireland,2012,3.60,5.03,4.70,5.47,3.45,4.72,4.87,5.35,4.68,4.98,6.53,5.25
972,Israel,2012,4.07,3.70,3.15,4.18,3.95,5.47,4.40,5.63,4.45,4.17,6.82,7.08
39,Italy,2012,4.52,4.35,2.85,3.55,3.10,4.10,4.35,5.13,4.95,4.15,5.45,4.02
876,Jamaica,2012,3.90,3.45,3.27,3.62,3.70,4.87,3.55,4.47,4.65,4.72,5.43,6.27
81,Japan,2012,3.98,4.47,3.77,4.33,2.67,4.03,4.40,4.23,6.23,4.72,6.93,4.08
371,Latvia,2012,3.90,4.65,4.45,5.03,4.78,5.28,3.88,5.63,4.07,5.17,6.75,5.32
370,Lithuania,2012,4.55,4.23,3.92,4.33,3.37,4.28,4.10,5.13,5.95,3.65,7.07,3.97
389,"North Macedonia",2012,4.38,4.13,5.02,4.25,3.83,4.77,3.97,5.87,5.22,3.82,5.95,4.73
265,Malawi,2012,3.53,3.82,4.10,3.65,3.57,5.23,3.17,4.68,5.53,4.63,4.43,4.02
60,Malaysia,2012,3.27,5.45,4.73,5.28,3.98,4.90,4.85,5.52,6.52,4.95,6.72,5.48
52,Mexico,2012,5.97,4.17,3.22,4.82,2.87,4.93,3.78,4.62,4.23,3.57,5.97,4.93
264,Namibia,2012,3.40,4.93,4.07,4.15,4.47,5.13,3.68,5.10,4.92,4.37,6.50,5.40
31,Netherlands,2012,4.22,4.85,5.50,5.35,5.12,5.75,5.27,6.32,4.58,6.02,7.67,5.62
234,Nigeria,2012,4.48,3.28,3.32,3.33,3.48,4.07,3.12,4.78,6.12,3.97,5.08,5.35
47,Norway,2012,3.67,3.62,4.57,4.72,4.48,4.83,4.53,6.03,4.63,4.03,7.07,4.83
92,Pakistan,2012,4.03,3.53,3.73,3.58,3.52,5.03,4.10,5.53,5.58,4.52,6.08,4.73
970,Palestine,2012,4.72,3.73,4.05,3.10,2.82,4.07,3.83,5.12,5.22,3.50,5.87,4.82
507,Panama,2012,4.20,3.97,4.55,4.67,2.78,4.73,3.82,4.58,4.97,4.27,6.40,4.60
51,Peru,2012,3.67,4.42,3.95,4.05,3.58,5.23,3.40,4.87,4.28,4.70,6.15,5.40
48,Poland,2012,3.95,4.63,3.57,4.27,2.73,4.15,3.57,4.60,6.53,4.30,5.90,4.42
351,Portugal,2012,4.37,3.52,3.05,4.42,2.93,4.32,4.05,4.93,4.02,4.02,6.85,3.73
40,Romania,2012,4.13,3.72,3.33,3.68,3.52,4.30,3.85,4.72,5.05,4.40,5.30,3.67
7,Russia,2012,3.55,4.03,3.67,3.53,3.98,4.60,3.42,4.75,5.08,3.60,5.13,4.23
65,Singapore,2012,3.27,5.85,6.73,5.77,4.27,5.23,4.78,5.42,5.42,4.80,7.33,5.47
421,Slovakia,2012,5.67,3.52,3.78,3.72,3.47,4.65,3.32,5.20,4.37,4.72,6.57,3.62
386,Slovenia,2012,3.97,3.85,3.48,4.35,3.55,4.40,3.93,4.85,5.73,3.98,6.38,3.75
27,"South Africa",2012,3.87,4.38,3.13,3.50,3.02,4.22,3.60,4.92,4.68,3.85,4.82,4.28
82,"South Korea",2012,4.15,5.57,4.58,5.00,3.52,4.07,4.07,4.02,6.98,3.90,6.97,5.13
34,Spain,2012,3.85,4.47,4.33,4.65,2.55,3.90,3.90,5.08,4.65,4.10,6.63,3.92
46,Sweden,2012,3.43,4.40,4.22,4.98,3.98,4.12,4.18,4.73,5.77,4.17,6.93,4.45
41,Switzerland,2012,4.20,5.58,6.00,5.80,3.83,5.73,6.08,6.22,4.12,5.50,7.83,5.78
886,Taiwan,2012,5.25,3.82,4.80,4.67,3.32,4.68,4.33,4.37,5.82,4.68,6.92,5.32
66,Thailand,2012,4.92,4.08,4.05,3.68,3.15,4.38,3.17,4.48,5.67,3.63,6.63,4.80
868,"Trinidad and Tobago",2012,4.62,3.55,3.73,4.13,3.58,5.03,3.82,5.17,4.92,3.82,5.77,4.30
216,Tunisia,2012,4.68,5.83,5.18,4.62,2.40,4.63,3.97,5.25,5.75,3.93,5.68,4.13
90,Turkey,2012,4.53,4.72,4.48,4.33,3.45,4.82,4.03,4.92,5.18,4.28,6.10,5.30
256,Uganda,2012,4.27,3.62,3.67,3.77,3.23,4.48,2.87,5.27,5.82,4.58,5.53,5.80
44,"United Kingdom",2012,3.87,4.92,4.62,4.08,3.92,4.87,4.53,5.43,5.20,5.20,6.62,4.97
1,"United States",2012,4.53,4.62,3.73,4.42,3.58,5.07,4.58,5.48,4.68,4.48,6.98,6.87
598,Uruguay,2012,4.95,4.20,4.50,4.97,3.45,5.18,4.92,5.23,3.65,4.62,6.40,4.33
260,Zambia,2012,3.65,4.17,4.40,3.68,3.22,4.10,3.08,5.12,5.18,4.83,5.18,4.32
213,Algeria,2011,3.57,5.27,4.38,5.18,3.70,4.45,4.55,5.20,5.67,4.32,5.30,4.98
54,Argentina,2011,4.85,3.12,2.78,3.82,3.28,4.87,3.82,4.73,4.85,4.08,6.22,4.43
61,Australia,2011,3.50,3.68,3.77,4.37,3.83,4.78,4.15,5.32,5.05,4.90,6.78,5.47
880,Bangladesh,2011,3.90,4.95,4.18,4.13,3.47,5.25,4.25,5.48,5.23,4.37,5.68,5.33
246,Barbados,2011,4.83,4.18,3.90,3.83,3.23,4.43,3.07,5.08,4.07,3.82,5.88,4.30
387,"Bosnia and Herzegovina",2011,3.52,3.32,2.97,3.63,3.48,4.05,3.35,4.83,5.27,3.35,5.68,3.62
55,Brazil,2011,3.78,3.68,2.53,4.03,2.60,4.28,3.63,4.28,5.83,3.77,5.28,4.33
56,Chile,2011,4.05,5.15,4.73,4.65,2.97,4.53,3.78,4.78,4.02,4.12,6.78,4.88
57,Colombia,2011,4.03,4.43,3.53,4.23,3.57,5.38,3.43,4.07,4.37,3.57,5.00,4.63
385,Croatia,2011,3.27,3.45,3.07,3.93,3.13,4.55,3.75,4.73,5.53,3.70,6.08,3.78
420,"Czech Republic",2011,3.77,3.05,3.43,3.63,2.83,4.32,3.63,5.03,4.92,4.73,6.55,3.63
358,Finland,2011,3.48,5.27,4.82,4.57,3.90,4.62,4.28,5.43,4.85,4.27,6.68,4.42
33,France,2011,4.37,5.12,4.80,5.33,2.58,4.97,4.07,4.97,5.37,3.55,7.02,3.93
49,Germany,2011,4.12,4.90,4.75,6.05,3.20,4.47,4.75,5.50,4.80,4.92,6.40,4.40
30,Greece,2011,4.92,3.13,3.05,3.27,3.23,4.40,3.55,4.77,5.20,3.63,5.77,4.07
502,Guatemala,2011,3.13,2.87,3.67,3.72,3.02,5.48,3.40,5.50,4.23,4.25,6.70,4.53
36,Hungary,2011,3.70,3.10,3.03,3.42,2.40,4.48,3.37,5.05,5.07,3.73,6.28,3.42
98,Iran,2011,3.90,2.87,2.97,2.62,2.28,4.07,3.27,4.30,5.42,2.67,5.18,3.67
353,Ireland,2011,2.83,4.50,4.40,5.30,3.25,4.78,4.72,5.47,5.10,4.85,5.85,5.35
876,Jamaica,2011,4.02,4.03,2.97,3.88,3.42,4.55,3.25,4.88,4.17,4.25,5.45,5.32
371,Latvia,2011,4.22,4.38,4.12,4.58,3.87,4.48,3.45,5.83,4.78,4.50,6.12,4.35
370,Lithuania,2011,3.67,3.73,3.50,3.80,3.33,4.58,3.65,4.92,6.20,3.75,6.58,4.13
60,Malaysia,2011,4.38,4.70,4.20,4.45,3.33,4.55,4.07,5.15,5.17,4.05,6.70,4.72
52,Mexico,2011,5.03,4.47,3.98,4.78,3.10,5.22,3.88,4.23,4.48,3.70,5.78,5.02
31,Netherlands,2011,3.77,4.10,4.33,5.17,4.80,5.35,4.75,5.95,4.32,5.47,7.60,5.00
234,Nigeria,2011,4.80,3.10,2.80,3.38,3.50,4.93,2.98,4.48,5.57,3.78,4.50,5.32
47,Norway,2011,3.20,3.85,4.70,4.87,4.22,4.38,4.57,5.68,4.73,3.90,7.10,4.38
92,Pakistan,2011,4.68,3.58,3.55,3.07,3.33,4.68,3.17,5.23,4.85,4.27,5.80,4.55
507,Panama,2011,3.50,3.97,5.03,4.92,2.35,4.18,3.68,4.40,4.07,4.45,6.62,4.88
51,Peru,2011,3.72,3.78,4.08,3.93,3.50,5.12,3.53,4.72,4.42,4.43,5.73,5.25
48,Poland,2011,3.90,4.77,3.23,4.30,3.37,4.10,3.68,4.83,6.92,4.85,5.73,4.62
351,Portugal,2011,4.20,4.28,3.18,4.77,2.88,4.68,4.10,4.92,4.62,3.92,6.60,3.13
7,Russia,2011,5.08,3.98,3.05,3.60,3.57,4.75,3.17,4.62,5.30,3.28,5.17,3.90
65,Singapore,2011,3.37,5.82,6.72,5.75,4.13,5.30,4.83,5.38,4.72,5.22,7.83,5.35
421,Slovakia,2011,5.03,3.65,4.07,3.40,3.32,4.37,3.12,5.48,4.57,4.32,6.63,3.82
386,Slovenia,2011,3.55,3.93,3.42,4.45,3.00,4.40,4.18,4.90,4.95,4.10,6.63,3.68
27,"South Africa",2011,3.97,4.33,3.77,3.43,3.38,4.18,3.75,4.93,4.08,4.08,5.08,4.10
82,"South Korea",2011,4.10,4.88,4.45,4.53,3.47,3.97,3.93,3.67,6.57,3.72,6.68,5.00
34,Spain,2011,3.75,3.43,3.68,4.53,2.60,3.90,3.55,4.30,4.48,3.60,5.77,3.68
46,Sweden,2011,3.43,4.38,4.35,4.73,3.83,4.73,4.38,5.13,5.32,4.23,7.40,4.85
41,Switzerland,2011,4.43,5.58,5.82,5.70,4.33,5.83,5.77,6.48,4.17,5.20,7.62,5.48
886,Taiwan,2011,5.83,4.32,5.33,5.23,4.12,5.17,4.80,4.78,6.42,5.55,6.87,6.20
66,Thailand,2011,5.35,4.77,4.68,4.33,3.63,5.25,4.00,5.32,5.83,4.28,6.48,5.48
868,"Trinidad and Tobago",2011,4.77,3.88,3.82,3.45,3.22,4.38,3.48,5.35,4.43,3.85,6.20,4.38
90,Turkey,2011,4.13,4.42,3.87,3.87,3.65,4.33,3.77,4.95,5.97,3.78,5.75,4.43
971,"United Arab Emirates",2011,3.97,5.57,5.33,5.23,4.33,5.50,4.27,5.75,6.00,4.75,6.90,5.68
44,"United Kingdom",2011,5.17,4.37,5.02,3.85,3.68,4.33,3.70,5.47,5.07,5.07,6.55,5.13
598,Uruguay,2011,3.82,3.70,3.95,4.88,3.05,4.72,4.38,5.32,3.22,4.07,6.17,3.72
582,Venezuela,2011,3.77,3.17,2.68,3.03,2.87,5.28,3.38,4.80,5.88,3.98,5.45,4.85
244,Angola,2010,3.25,3.85,3.60,3.28,3.02,4.02,2.87,3.98,4.60,3.33,3.80,4.73
54,Argentina,2010,3.52,3.22,3.00,3.98,3.68,5.20,3.98,4.77,4.48,4.47,5.93,4.62
591,Bolivia,2010,3.57,3.03,3.60,3.10,2.77,4.68,3.08,4.07,4.35,4.08,5.45,3.83
387,"Bosnia and Herzegovina",2010,3.72,3.13,3.02,3.35,3.40,4.27,3.48,4.70,5.95,3.38,5.45,3.78
55,Brazil,2010,3.78,3.55,2.38,3.88,2.42,4.00,3.82,4.33,6.35,3.68,5.65,4.38
56,Chile,2010,4.12,4.40,4.18,4.28,2.67,4.73,3.63,4.53,4.00,4.08,6.52,4.28
86,China,2010,4.03,4.57,4.30,4.25,3.15,4.78,4.42,4.23,6.57,4.33,6.50,5.58
57,Colombia,2010,4.23,4.52,4.45,4.97,3.63,5.75,3.82,4.83,3.92,4.70,6.02,5.22
506,"Costa Rica",2010,3.83,3.70,2.88,3.70,3.32,4.92,3.42,4.53,3.82,3.88,5.58,4.18
385,Croatia,2010,3.38,3.78,3.27,4.15,3.52,4.60,3.83,4.72,5.52,3.62,6.03,4.03
593,Ecuador,2010,4.03,4.43,3.28,3.48,3.30,4.85,3.32,4.93,4.62,3.37,5.90,4.27
20,Egypt,2010,3.68,4.48,3.67,3.53,2.12,3.52,3.05,4.40,5.60,3.68,6.03,3.50
358,Finland,2010,4.00,5.45,5.47,4.80,3.92,4.97,4.62,5.77,4.70,4.62,7.35,4.83
33,France,2010,5.25,5.13,4.60,5.12,2.63,5.23,4.12,5.12,4.62,3.20,6.47,3.77
49,Germany,2010,4.05,5.17,4.53,6.18,3.45,4.72,4.75,5.27,4.93,4.62,6.55,4.35
233,Ghana,2010,4.78,4.50,3.65,3.75,3.42,4.58,3.35,5.17,5.35,4.37,4.80,5.03
30,Greece,2010,3.82,2.83,2.75,3.32,3.20,4.18,3.58,4.65,3.92,3.87,5.27,4.27
502,Guatemala,2010,3.07,2.85,3.67,2.77,2.68,5.27,3.02,4.87,4.40,3.62,6.35,4.25
36,Hungary,2010,3.18,3.48,2.57,3.48,3.05,4.82,3.48,4.80,4.92,3.58,5.73,3.97
354,Iceland,2010,3.65,4.67,5.58,4.82,3.67,5.33,4.65,4.85,5.68,4.50,7.58,6.52
98,Iran,2010,3.20,3.37,3.27,3.00,2.47,4.12,3.37,4.20,5.40,2.90,5.60,4.22
353,Ireland,2010,3.03,4.40,4.57,5.42,3.70,4.80,4.40,5.45,4.77,4.77,5.52,5.08
972,Israel,2010,3.72,3.67,3.47,4.30,3.22,4.83,4.53,6.10,3.75,3.92,6.87,6.62
39,Italy,2010,4.85,3.20,2.98,3.70,2.55,4.70,3.68,4.20,4.93,3.93,4.70,3.87
876,Jamaica,2010,3.62,4.02,3.20,4.03,3.88,5.12,3.63,5.23,3.80,4.38,5.73,5.75
81,Japan,2010,3.78,4.18,3.27,3.92,2.55,4.12,4.02,3.77,6.13,3.93,6.48,3.78
371,Latvia,2010,3.72,4.17,3.95,4.08,4.70,5.42,4.17,6.03,4.32,4.42,6.73,5.08
389,"North Macedonia",2010,3.80,3.72,4.68,4.00,3.65,5.07,3.65,5.57,5.02,3.88,6.02,4.15
60,Malaysia,2010,3.20,5.00,4.13,5.12,3.85,4.95,4.62,5.37,5.68,4.58,6.68,5.33
52,Mexico,2010,5.72,5.32,3.75,5.18,3.58,5.97,4.33,4.93,4.63,4.20,6.17,5.52
382,Montenegro,2010,4.60,4.55,3.93,4.57,3.62,5.58,4.30,4.88,6.07,3.95,6.17,4.18
47,Norway,2010,4.17,3.97,4.25,4.82,3.88,4.23,4.45,5.33,4.65,3.95,6.65,4.23
92,Pakistan,2010,4.92,3.35,3.75,3.30,2.53,4.65,3.48,5.50,5.05,4.65,5.92,4.80
970,Palestine,2010,4.10,4.32,4.73,3.52,3.15,4.22,4.30,5.47,5.28,3.93,5.92,5.27
51,Peru,2010,4.25,3.73,3.87,3.68,3.58,4.67,3.40,4.68,4.35,4.63,5.87,5.13
351,Portugal,2010,4.23,4.18,3.42,4.42,2.83,4.78,4.07,4.80,4.35,3.65,6.57,3.47
7,Russia,2010,4.25,3.90,3.33,3.47,3.30,4.60,3.13,4.95,5.27,4.00,5.42,4.05
966,"Saudi Arabia",2010,3.23,4.10,5.07,3.80,3.00,4.45,4.23,5.58,4.92,4.23,6.97,5.23
386,Slovenia,2010,5.17,4.22,4.00,4.47,3.62,4.97,4.00,5.32,5.18,4.28,6.62,3.57
27,"South Africa",2010,4.15,4.50,3.58,3.53,2.92,4.07,3.47,4.92,4.75,4.15,5.15,4.17
82,"South Korea",2010,4.13,5.22,4.98,4.92,3.53,3.95,4.08,3.90,6.77,4.07,6.68,5.03
34,Spain,2010,3.75,4.00,3.68,4.17,2.65,3.77,3.73,4.77,4.25,3.85,6.02,3.80
46,Sweden,2010,3.48,4.22,3.23,4.30,3.42,3.78,3.70,4.88,5.10,4.47,6.92,3.98
41,Switzerland,2010,4.30,5.02,5.58,5.68,3.75,5.42,5.63,5.67,3.88,4.80,7.40,5.07
886,Taiwan,2010,4.88,4.68,5.45,5.77,4.12,5.37,5.53,4.73,6.60,5.05,6.88,6.48
868,"Trinidad and Tobago",2010,5.33,3.57,4.03,4.15,3.42,4.77,3.02,5.15,4.50,3.95,5.80,4.50
216,Tunisia,2010,4.08,7.58,5.70,5.82,3.12,5.30,4.37,5.23,5.88,3.90,6.48,5.22
90,Turkey,2010,5.12,4.28,3.70,3.68,3.68,4.20,3.95,4.62,6.13,3.65,5.55,3.43
256,Uganda,2010,3.43,4.27,2.97,3.37,3.22,5.03,3.25,4.95,5.72,4.20,5.25,4.85
44,"United Kingdom",2010,3.70,4.27,4.17,4.33,3.33,4.33,4.15,5.25,5.10,4.78,6.67,4.53
1,"United States",2010,4.13,4.35,3.70,4.52,3.27,4.50,3.82,5.30,4.78,4.38,5.93,6.32
598,Uruguay,2010,3.73,3.95,4.17,5.25,2.83,5.48,4.63,5.20,3.18,4.38,6.95,3.62
678,Vanuatu,2010,3.55,3.13,3.38,3.27,3.52,4.27,3.17,3.60,4.85,3.55,3.80,3.62
260,Zambia,2010,2.42,4.40,4.40,4.47,3.80,4.98,3.23,5.07,5.13,5.12,5.05,4.20
54,Argentina,2009,3.60,2.92,3.02,3.70,3.22,5.62,4.03,5.10,4.80,4.23,6.30,4.85
32,Belgium,2009,3.48,5.47,4.35,5.50,3.52,5.13,5.22,5.78,4.32,5.60,6.78,4.45
387,"Bosnia and Herzegovina",2009,5.25,3.02,2.83,3.17,3.33,3.93,2.87,4.47,5.60,3.20,5.10,3.85
55,Brazil,2009,3.38,3.37,2.45,4.03,2.53,3.78,3.55,4.42,6.02,3.63,5.50,4.57
56,Chile,2009,3.97,4.82,4.17,4.58,2.62,4.58,3.87,4.12,4.23,4.00,6.82,5.02
57,Colombia,2009,4.20,4.00,3.68,4.75,3.23,5.17,3.63,4.23,4.17,3.85,5.83,4.98
385,Croatia,2009,3.52,3.88,3.17,4.53,3.45,4.87,3.77,4.85,5.85,3.57,6.12,4.05
45,Denmark,2009,4.02,5.20,5.08,5.68,4.88,4.67,4.52,5.58,3.85,4.87,7.00,5.00
809,"Dominican Republic",2009,4.35,3.12,4.63,3.80,2.67,5.00,2.95,4.63,4.37,3.78,6.25,4.87
593,Ecuador,2009,3.02,3.92,3.43,3.47,2.67,4.98,3.15,4.73,4.03,3.50,5.18,4.70
358,Finland,2009,3.23,5.43,5.27,4.65,3.87,4.62,4.53,5.30,5.22,4.47,6.95,4.55
49,Germany,2009,4.58,4.93,4.40,5.80,3.30,4.45,4.53,5.65,4.47,4.72,6.63,4.45
30,Greece,2009,4.48,3.62,3.37,3.83,2.75,4.07,3.53,4.78,4.55,3.95,5.75,4.22
502,Guatemala,2009,3.80,2.88,3.73,2.97,3.25,5.20,3.30,5.25,3.73,4.02,6.58,4.37
852,"Hong Kong",2009,3.35,3.42,6.90,4.72,3.75,5.28,4.15,6.32,6.18,4.80,7.68,6.30
36,Hungary,2009,4.88,2.75,2.85,3.87,3.33,5.28,3.88,5.52,5.23,4.17,6.20,3.85
354,Iceland,2009,3.85,4.75,6.05,5.40,3.57,6.27,4.97,5.32,5.93,5.17,7.58,6.97
972,Israel,2009,3.42,3.48,3.37,4.52,3.77,5.47,4.85,5.97,4.43,4.58,6.33,6.63
39,Italy,2009,4.98,3.63,2.83,4.00,2.98,4.98,3.90,4.33,5.05,3.95,4.78,4.48
876,Jamaica,2009,3.60,3.65,3.47,4.33,3.38,4.68,3.10,4.63,4.65,4.42,5.97,5.17
371,Latvia,2009,3.72,3.47,4.00,3.87,3.83,4.67,3.65,5.65,4.65,5.13,6.57,4.28
60,Malaysia,2009,3.63,4.88,4.43,4.98,4.25,5.88,4.77,5.58,6.30,4.57,6.57,5.88
31,Netherlands,2009,5.50,4.02,4.58,4.68,3.95,5.00,3.98,5.60,4.52,4.93,6.48,4.38
47,Norway,2009,4.35,4.08,4.40,4.98,4.13,4.93,4.70,5.82,4.22,4.17,6.87,4.65
507,Panama,2009,4.38,4.42,5.27,4.77,2.72,4.60,3.78,5.02,4.55,4.28,6.55,4.62
51,Peru,2009,3.90,4.17,3.63,4.05,3.37,5.07,3.30,4.53,3.82,4.48,5.68,5.38
7,Russia,2009,4.23,3.92,3.47,3.32,3.68,4.40,3.48,5.07,5.05,3.77,5.30,4.23
966,"Saudi Arabia",2009,2.97,4.52,4.50,3.28,2.45,3.92,3.32,4.65,5.33,4.62,6.28,4.20
381,Serbia,2009,5.02,4.22,3.25,4.23,3.55,5.37,4.13,5.12,5.15,3.08,4.62,4.03
386,Slovenia,2009,3.57,4.20,3.87,4.57,3.87,4.78,4.28,5.10,4.95,4.02,6.45,3.68
27,"South Africa",2009,4.40,4.63,3.77,3.55,3.63,4.77,3.40,4.85,4.60,4.08,5.25,4.50
82,"South Korea",2009,4.02,5.13,4.42,5.00,3.38,4.12,4.22,4.00,7.08,4.30,6.65,5.13
34,Spain,2009,4.08,4.48,3.90,5.10,2.88,4.42,4.03,5.10,4.17,4.47,6.12,4.08
41,Switzerland,2009,3.67,5.27,5.35,5.75,4.18,5.72,5.82,6.38,3.07,5.32,7.75,5.43
963,Syria,2009,5.40,3.42,3.28,2.77,2.60,3.68,3.03,4.95,5.13,4.05,5.13,5.07
676,Tonga,2009,3.73,4.12,3.85,3.57,4.05,4.62,3.32,4.35,5.13,3.75,5.02,4.55
216,Tunisia,2009,3.63,7.20,5.50,5.65,2.98,5.05,4.37,5.28,5.58,4.05,6.43,4.97
256,Uganda,2009,4.90,4.22,3.23,3.88,3.50,5.30,3.35,5.32,6.32,4.28,5.22,5.38
971,"United Arab Emirates",2009,4.05,5.65,5.57,4.52,3.98,5.50,3.97,6.00,6.03,4.75,6.90,5.07
44,"United Kingdom",2009,5.03,4.60,3.60,4.57,2.92,3.70,3.82,5.08,4.42,4.67,5.90,4.43
1,"United States",2009,4.27,3.95,3.52,4.13,3.17,4.43,3.88,5.38,5.37,4.15,6.40,6.42
598,Uruguay,2009,4.53,4.12,4.08,5.30,2.92,4.75,4.32,4.92,3.65,4.10,6.53,3.67
582,Venezuela,2009,3.93,3.08,2.68,3.20,2.92,5.37,3.40,4.43,5.98,3.97,5.70,4.35
54,Argentina,2008,3.80,2.80,2.65,3.45,3.52,5.53,3.63,5.02,4.35,4.18,5.93,4.97
591,Bolivia,2008,3.23,3.13,3.15,2.93,2.88,4.25,2.85,4.07,4.48,3.82,5.47,3.62
387,"Bosnia and Herzegovina",2008,3.37,3.30,2.82,3.10,3.28,3.93,3.02,4.47,5.43,3.42,5.20,3.65
55,Brazil,2008,3.67,3.23,2.60,4.12,2.65,4.63,3.18,4.15,5.93,3.23,5.30,4.73
56,Chile,2008,3.83,3.72,4.32,4.30,2.63,4.80,3.48,4.53,3.98,4.32,7.05,3.98
57,Colombia,2008,4.03,4.53,3.67,4.65,3.40,5.30,3.60,4.22,4.85,3.87,5.80,5.25
385,Croatia,2008,3.45,3.65,3.13,4.42,3.62,4.65,3.67,4.57,6.45,3.63,6.28,3.82
45,Denmark,2008,4.63,5.08,5.22,5.07,4.13,3.97,4.47,5.42,3.85,5.18,6.97,4.48
809,"Dominican Republic",2008,4.73,3.45,4.43,4.10,2.88,5.32,3.57,4.65,4.93,4.07,6.03,5.37
593,Ecuador,2008,3.10,3.30,3.37,2.72,2.80,4.38,3.15,5.02,3.82,3.65,5.18,3.90
20,Egypt,2008,2.98,4.52,3.98,3.65,2.18,2.98,2.75,4.47,5.95,4.12,6.37,4.00
358,Finland,2008,3.78,5.62,5.32,5.02,4.20,4.77,4.48,5.70,3.90,4.92,7.17,4.85
49,Germany,2008,5.08,5.35,4.40,5.88,3.12,4.62,4.63,5.42,5.15,4.62,6.65,4.20
30,Greece,2008,4.93,4.05,3.72,4.02,2.97,4.17,3.78,5.28,4.48,4.47,5.93,4.30
98,Iran,2008,4.60,4.37,2.72,3.60,2.95,4.08,3.53,3.77,5.33,3.33,5.18,4.52
353,Ireland,2008,3.57,5.08,4.93,5.45,4.32,4.77,4.75,5.65,4.67,5.12,5.20,5.65
39,Italy,2008,4.88,3.53,2.97,3.97,3.05,4.47,3.65,4.55,4.90,4.02,4.73,4.10
876,Jamaica,2008,3.93,3.97,2.97,3.83,3.35,4.72,3.58,4.90,4.63,4.32,5.83,5.58
389,"North Macedonia",2008,3.57,4.15,4.12,4.05,3.67,4.60,3.35,4.90,5.35,3.85,5.68,4.63
52,Mexico,2008,4.02,4.53,3.28,4.88,2.78,5.03,3.95,4.40,4.62,3.72,5.57,3.87
47,Norway,2008,4.00,3.85,4.75,5.23,4.38,4.67,4.63,5.97,4.07,4.48,6.93,4.68
51,Peru,2008,5.15,3.83,3.38,3.60,3.12,4.77,3.08,4.63,4.68,4.37,5.97,4.95
7,Russia,2008,3.82,4.52,3.72,3.60,4.18,5.32,3.93,5.48,5.28,3.90,6.03,5.22
381,Serbia,2008,3.90,4.00,3.98,3.98,3.40,4.83,3.73,4.70,6.33,3.60,5.02,3.80
386,Slovenia,2008,4.52,3.87,3.72,4.48,4.03,4.95,4.10,5.15,5.42,4.10,6.30,3.85
27,"South Africa",2008,4.53,4.70,3.35,3.25,3.15,4.15,3.27,4.67,4.77,3.95,4.57,4.30
82,"South Korea",2008,4.55,5.72,4.57,5.42,3.93,4.78,4.77,4.65,7.33,4.33,6.72,5.88
34,Spain,2008,4.25,4.55,4.35,5.17,3.22,4.65,4.32,4.95,4.02,4.27,5.87,4.72
90,Turkey,2008,4.22,3.50,3.63,3.30,3.12,4.43,3.35,4.60,5.60,4.15,5.55,4.63
1,"United States",2008,3.23,4.28,3.87,4.72,3.47,5.07,4.62,5.40,5.33,4.72,6.07,6.52
598,Uruguay,2008,5.02,4.02,3.48,3.92,3.43,4.85,4.25,5.28,3.72,3.70,6.15,3.58
43,Austria,2007,3.50,5.23,5.38,5.78,2.90,5.03,4.87,5.62,4.75,4.78,7.00,4.10
32,Belgium,2007,4.78,5.33,4.12,5.22,3.78,5.58,5.37,6.25,3.70,5.25,7.05,3.97
55,Brazil,2007,6.20,3.13,2.43,3.63,2.62,4.10,3.43,4.50,5.27,3.72,5.60,4.08
56,Chile,2007,4.12,3.68,4.00,4.17,2.58,4.62,3.43,4.63,4.38,4.12,7.33,3.95
86,China,2007,4.22,5.23,4.67,4.63,3.12,4.90,4.68,4.57,6.28,4.32,6.27,5.12
385,Croatia,2007,4.33,3.65,3.17,4.27,3.55,4.57,3.72,4.55,5.82,3.68,5.97,4.00
45,Denmark,2007,4.43,5.28,5.53,5.25,4.60,3.68,4.33,5.88,4.17,4.75,7.17,4.90
809,"Dominican Republic",2007,4.87,3.28,3.43,3.77,3.20,4.85,3.45,4.80,4.18,3.92,5.75,5.12
358,Finland,2007,3.65,6.12,5.35,5.52,4.28,4.53,5.10,5.98,3.07,5.20,7.27,4.57
30,Greece,2007,5.42,3.75,3.28,3.67,2.92,4.12,3.82,5.47,4.28,4.42,5.67,4.57
852,"Hong Kong",2007,4.27,3.70,6.08,4.38,3.58,4.72,4.23,5.95,5.53,4.88,7.72,6.50
354,Iceland,2007,5.00,4.82,6.65,4.60,3.42,5.27,4.65,5.77,5.88,5.02,7.07,6.62
91,India,2007,4.43,4.55,3.85,4.03,3.53,4.85,4.82,6.65,5.03,5.20,6.78,5.68
353,Ireland,2007,5.62,5.37,4.95,5.47,4.40,5.10,4.78,6.10,4.15,5.13,5.23,5.97
972,Israel,2007,5.12,3.88,3.27,4.27,3.68,4.85,4.75,6.38,3.72,4.75,6.62,6.98
39,Italy,2007,6.42,3.57,2.80,4.10,3.25,5.40,4.02,5.30,5.08,3.88,5.07,4.45
701,Kazakhstan,2007,4.07,4.70,3.12,5.17,4.12,4.85,4.62,5.20,5.58,3.80,5.47,6.33
47,Norway,2007,4.38,4.13,4.77,4.92,4.43,4.97,4.90,6.32,3.98,4.75,6.72,4.60
51,Peru,2007,5.50,3.83,3.17,3.72,3.15,4.70,3.02,4.72,4.18,4.43,5.95,4.53
787,"Puerto Rico",2007,3.60,4.13,3.38,3.93,2.97,4.70,3.75,5.20,4.55,4.03,4.92,4.05
40,Romania,2007,4.58,3.53,3.73,3.93,3.75,4.87,3.67,5.02,5.48,4.27,5.37,4.43
7,Russia,2007,4.63,4.25,3.83,3.75,4.05,5.10,3.53,5.25,5.05,3.95,4.97,5.20
381,Serbia,2007,4.58,3.42,4.27,4.22,4.05,4.95,3.92,5.60,6.55,4.40,5.50,4.18
386,Slovenia,2007,4.78,4.07,3.40,4.32,3.83,4.93,3.85,5.10,4.98,4.33,6.08,3.87
34,Spain,2007,4.63,4.77,4.55,5.22,3.13,4.63,4.08,5.42,3.37,4.42,5.90,4.63
41,Switzerland,2007,4.32,5.12,5.52,5.55,3.35,5.48,5.63,6.02,4.48,4.53,7.43,5.02
90,Turkey,2007,5.50,3.13,3.02,2.97,3.42,4.27,3.45,5.03,6.18,4.30,5.65,4.38
971,"United Arab Emirates",2007,3.18,6.03,5.43,5.18,3.73,4.78,5.38,6.08,6.30,6.08,6.95,5.57
44,"United Kingdom",2007,5.88,5.52,4.53,5.07,3.83,4.60,4.47,5.80,5.15,5.13,6.62,4.62
1,"United States",2007,5.65,5.32,4.92,5.13,4.07,5.72,5.22,6.35,4.85,5.48,7.32,6.45
582,Venezuela,2007,6.28,3.05,2.42,2.93,2.77,4.28,3.55,4.77,4.83,4.08,5.88,4.72
54,Argentina,2006,4.10,3.20,2.38,3.03,3.37,5.45,3.40,4.98,5.28,3.97,6.08,4.68
61,Australia,2006,3.40,4.10,4.78,4.67,4.28,4.92,4.38,5.62,3.92,5.25,7.00,5.37
32,Belgium,2006,5.03,5.47,3.72,5.08,3.88,5.18,5.15,6.37,3.15,5.32,7.42,4.52
55,Brazil,2006,5.55,3.25,2.30,3.63,2.52,4.10,3.48,4.73,5.35,3.75,5.72,4.57
56,Chile,2006,3.42,3.72,4.82,4.12,2.58,5.00,3.62,5.17,3.85,4.37,7.25,4.23
57,Colombia,2006,4.00,4.33,3.12,4.40,3.20,5.43,3.42,4.25,3.80,4.27,6.13,5.22
385,Croatia,2006,3.40,4.02,3.62,4.40,3.68,4.77,3.65,4.87,5.78,3.83,6.25,4.08
420,"Czech Republic",2006,4.47,3.90,3.02,4.32,3.63,4.72,3.97,5.23,5.02,4.70,6.43,4.03
45,Denmark,2006,3.85,5.32,5.08,5.05,4.20,3.83,4.40,6.22,4.60,5.20,7.30,4.40
358,Finland,2006,4.57,5.57,5.47,5.30,3.70,4.50,5.02,6.07,3.10,5.47,7.52,4.38
49,Germany,2006,4.98,5.02,3.83,5.67,3.05,4.15,4.30,5.70,4.60,4.50,6.82,3.95
30,Greece,2006,4.58,4.02,4.02,4.25,3.68,4.40,4.42,5.72,4.60,5.03,6.22,5.10
36,Hungary,2006,4.82,3.53,3.10,3.78,3.70,5.02,4.22,4.97,5.63,4.33,5.53,3.82
354,Iceland,2006,4.37,4.97,7.12,4.42,3.55,5.33,4.25,5.90,5.83,5.55,7.47,6.70
91,India,2006,4.22,3.95,3.72,3.88,3.23,5.02,4.42,6.15,5.45,4.67,6.18,5.50
62,Indonesia,2006,5.35,4.38,3.37,4.13,3.98,5.10,3.95,5.75,6.17,4.72,5.38,5.00
353,Ireland,2006,4.75,5.40,4.68,5.53,3.55,4.45,4.52,5.73,3.92,4.92,5.15,5.67
39,Italy,2006,4.78,3.98,3.22,4.33,3.32,4.63,4.10,4.93,4.60,3.87,4.60,4.10
876,Jamaica,2006,4.70,3.57,2.95,3.63,2.87,4.68,3.35,5.15,4.63,4.10,5.48,5.38
371,Latvia,2006,3.50,3.82,4.13,3.37,4.35,4.88,3.50,5.80,5.17,4.82,6.45,4.08
60,Malaysia,2006,3.67,4.32,4.60,4.32,3.05,4.17,4.00,5.35,4.62,4.22,6.72,4.60
52,Mexico,2006,5.12,4.93,3.62,5.03,3.82,5.22,4.07,4.72,4.32,4.05,5.22,4.35
31,Netherlands,2006,4.30,4.30,4.38,4.65,3.62,4.33,4.02,6.07,4.75,5.77,6.82,4.27
47,Norway,2006,5.70,3.85,4.27,4.80,4.25,4.47,4.53,5.88,3.90,4.60,6.82,4.32
51,Peru,2006,4.67,3.52,2.87,3.47,2.87,4.72,2.90,4.10,4.18,4.18,5.42,4.33
63,Philippines,2006,3.37,4.60,3.57,4.05,3.67,4.83,3.55,5.28,5.03,4.10,5.50,5.25
7,Russia,2006,4.32,3.43,3.37,3.38,3.88,4.97,3.35,5.32,6.03,4.05,5.42,4.00
65,Singapore,2006,3.57,5.67,6.48,5.58,5.17,5.60,5.35,5.88,5.18,5.60,7.68,5.80
386,Slovenia,2006,5.80,4.15,2.75,3.77,3.52,4.77,3.75,4.95,4.93,4.10,5.82,3.65
27,"South Africa",2006,4.07,4.90,3.40,3.60,3.65,4.42,3.37,4.67,4.35,4.23,5.03,4.40
34,Spain,2006,4.50,4.87,5.03,5.32,3.48,4.60,4.22,5.30,3.85,4.50,6.27,4.65
66,Thailand,2006,3.98,4.20,3.78,3.83,2.90,4.52,3.62,4.88,5.25,3.88,6.32,4.68
90,Turkey,2006,4.27,3.18,3.15,3.42,3.60,4.28,3.57,4.75,5.67,4.17,5.53,4.63
971,"United Arab Emirates",2006,2.93,5.97,5.88,5.10,3.70,5.13,4.70,6.42,6.40,5.55,7.23,6.05
44,"United Kingdom",2006,6.10,4.30,3.88,4.73,4.05,4.67,4.33,5.38,4.82,5.43,6.45,4.67
1,"United States",2006,4.65,5.45,5.32,5.32,4.52,6.00,5.43,6.77,4.68,5.70,7.75,7.45
598,Uruguay,2006,6.52,3.68,2.83,3.12,2.73,4.85,3.27,5.62,3.60,3.52,5.53,3.22
54,Argentina,2005,3.33,3.03,2.62,3.23,3.42,5.58,3.15,5.27,5.40,3.95,6.22,4.67
61,Australia,2005,3.93,4.15,4.38,4.27,3.62,4.08,3.90,5.43,3.58,5.20,7.07,4.87
43,Austria,2005,5.07,5.13,5.03,5.72,2.50,5.18,4.82,5.65,4.72,4.65,6.68,3.85
32,Belgium,2005,4.68,4.52,3.43,4.38,3.75,5.43,5.07,6.32,3.82,5.20,7.35,4.18
55,Brazil,2005,5.08,2.88,2.22,3.22,2.60,3.40,2.83,3.87,5.55,3.10,4.97,3.57
101,Canada,2005,2.62,4.80,4.43,4.93,4.37,4.73,4.88,6.10,4.08,5.13,7.17,5.67
56,Chile,2005,5.28,3.33,4.63,3.97,3.12,4.63,3.67,5.67,3.72,4.27,7.42,4.13
86,China,2005,4.53,4.48,4.87,4.50,3.18,4.82,4.93,4.25,6.48,4.73,6.85,4.90
385,Croatia,2005,4.35,3.52,2.93,3.98,3.18,4.27,3.43,4.45,5.08,3.47,5.58,3.55
45,Denmark,2005,3.93,5.05,4.92,5.10,3.93,3.53,4.23,6.02,4.45,4.68,7.07,4.22
358,Finland,2005,4.28,5.87,5.53,5.27,4.13,4.58,5.28,6.05,3.18,5.40,7.73,4.62
49,Germany,2005,5.38,4.80,3.60,5.57,2.85,4.30,4.53,5.50,4.72,4.47,7.00,4.15
30,Greece,2005,4.18,3.80,3.42,3.77,3.15,3.95,4.02,5.73,4.28,4.70,6.33,4.73
36,Hungary,2005,4.60,2.85,2.45,3.35,2.85,4.78,3.25,4.67,5.07,3.95,5.32,4.55
354,Iceland,2005,3.97,4.67,6.23,4.47,3.83,5.45,4.33,5.38,5.87,5.40,7.25,6.52
353,Ireland,2005,4.30,5.23,4.95,5.67,3.85,4.90,4.58,5.97,4.08,5.08,5.62,5.20
39,Italy,2005,4.87,3.03,3.17,3.67,2.93,4.45,3.18,5.03,4.60,4.33,5.20,4.97
876,Jamaica,2005,3.93,3.62,3.50,3.60,2.95,4.62,3.35,5.57,4.07,4.55,5.83,5.25
962,Jordan,2005,3.70,5.57,4.92,4.47,3.58,4.58,5.43,6.28,6.67,5.70,6.82,5.85
371,Latvia,2005,4.50,3.57,4.10,3.77,4.73,4.67,3.18,5.38,5.02,4.90,6.02,4.67
31,Netherlands,2005,4.05,4.27,3.88,4.40,3.83,4.27,4.18,5.78,4.22,5.33,6.40,4.27
64,"New Zealand",2005,5.75,3.95,3.70,4.42,3.83,4.58,3.87,5.37,4.53,4.95,6.45,5.13
47,Norway,2005,4.35,3.72,4.67,4.77,4.37,4.37,4.45,5.97,4.47,4.48,7.18,4.33
787,"Puerto Rico",2005,4.12,4.52,3.10,3.60,2.95,4.58,3.23,6.03,4.32,4.90,5.73,4.15
65,Singapore,2005,4.67,5.87,6.72,5.65,4.28,4.78,4.92,5.72,4.60,5.00,7.78,4.97
386,Slovenia,2005,5.12,3.98,2.77,3.67,3.75,4.63,3.42,4.80,5.05,4.18,6.02,3.73
27,"South Africa",2005,3.97,5.80,3.33,4.12,3.70,4.73,3.72,4.83,4.55,4.05,5.57,4.70
34,Spain,2005,4.50,3.98,4.05,4.27,4.03,5.52,4.28,5.60,4.03,4.33,5.92,5.32
41,Switzerland,2005,4.12,4.70,4.80,5.12,3.00,5.48,5.28,5.77,4.40,4.20,7.32,4.15
66,Thailand,2005,4.95,5.42,3.77,4.28,3.27,5.70,3.93,4.95,6.17,4.30,6.62,4.63
44,"United Kingdom",2005,5.52,4.80,4.92,4.67,3.82,4.57,4.23,5.70,4.38,5.32,7.12,4.53
1,"United States",2005,5.38,5.63,5.48,4.97,4.70,5.63,5.33,6.78,4.93,5.77,7.92,7.57
582,Venezuela,2005,6.80,3.12,2.98,2.65,2.65,4.75,3.30,4.93,4.98,4.27,5.98,3.93
54,Argentina,2004,3.32,2.88,2.45,3.03,3.37,4.70,2.90,5.43,5.57,4.27,6.17,4.73
61,Australia,2004,3.30,3.97,4.05,4.43,3.65,4.42,4.10,5.82,3.92,5.22,7.00,5.15
32,Belgium,2004,4.73,4.60,2.90,3.95,3.20,4.70,4.33,5.68,4.08,4.70,6.55,3.82
55,Brazil,2004,4.57,3.18,2.23,3.42,2.28,3.78,3.12,4.57,4.75,3.48,5.43,4.18
101,Canada,2004,3.42,4.75,4.13,4.55,4.20,4.28,4.80,5.62,3.23,5.35,7.22,5.17
86,China,2004,5.90,5.10,5.72,5.05,4.43,5.68,5.22,6.13,6.13,5.55,7.18,7.63
385,Croatia,2004,4.97,3.50,3.02,3.63,3.42,4.38,3.63,4.32,6.08,3.52,5.60,3.62
45,Denmark,2004,3.87,4.68,4.78,4.75,3.72,3.87,4.02,5.62,3.93,4.52,6.70,4.02
593,Ecuador,2004,4.22,3.02,3.20,2.70,2.68,4.23,2.98,4.62,4.07,3.38,4.33,3.83
358,Finland,2004,2.93,5.42,5.15,5.12,3.82,4.62,4.72,5.93,4.50,5.15,7.35,4.15
49,Germany,2004,5.10,4.97,3.57,5.82,3.08,4.38,4.62,5.22,4.53,4.52,7.17,4.40
30,Greece,2004,4.28,3.47,3.38,3.42,3.08,3.82,4.22,5.28,4.18,4.67,6.28,4.80
36,Hungary,2004,4.32,3.20,3.12,3.60,3.33,5.28,3.93,5.12,5.22,3.90,5.47,4.07
354,Iceland,2004,4.10,4.57,6.58,4.07,3.52,5.05,4.52,5.08,5.13,4.87,7.43,6.23
353,Ireland,2004,4.15,5.23,5.32,5.50,3.47,4.90,4.82,6.02,4.07,5.15,5.38,5.40
972,Israel,2004,4.85,3.77,3.20,3.88,3.33,4.97,4.67,6.13,4.77,4.13,6.12,6.18
81,Japan,2004,5.67,5.50,3.05,3.88,2.50,3.43,4.13,3.47,6.47,3.83,5.62,3.45
962,Jordan,2004,3.98,4.17,4.03,3.72,3.00,3.60,4.07,5.82,4.70,4.52,7.18,4.00
31,Netherlands,2004,3.63,3.92,3.78,4.25,4.07,4.15,3.70,5.67,4.72,5.13,6.80,4.23
64,"New Zealand",2004,4.88,3.85,4.15,4.47,3.58,4.53,4.10,5.72,4.13,5.07,6.78,5.28
47,Norway,2004,5.12,3.53,4.02,4.82,4.05,4.33,4.15,5.92,3.60,4.67,7.03,4.60
51,Peru,2004,3.65,3.25,2.75,3.17,2.77,3.90,2.73,4.25,4.62,4.10,5.37,3.77
48,Poland,2004,3.07,4.12,3.02,3.63,3.55,4.60,3.13,5.28,4.88,4.13,4.75,4.32
351,Portugal,2004,3.00,4.17,3.55,4.23,2.60,4.05,3.88,5.02,4.13,4.40,6.05,3.20
65,Singapore,2004,3.85,5.55,6.38,5.57,4.57,5.67,5.17,6.10,4.60,4.43,7.87,5.02
386,Slovenia,2004,5.65,3.85,2.70,4.00,3.68,4.67,3.50,4.88,5.15,4.12,6.02,3.63
27,"South Africa",2004,3.75,5.50,3.72,3.65,3.37,4.28,3.67,4.65,3.97,4.02,5.97,4.45
34,Spain,2004,3.93,4.92,4.78,5.20,3.10,4.57,4.13,5.33,3.63,4.60,6.22,4.63
256,Uganda,2004,4.07,3.78,3.75,3.72,3.65,4.80,3.43,4.65,4.42,4.45,5.93,5.80
1,"United States",2004,3.53,4.97,5.47,5.28,4.33,5.60,5.40,6.90,5.00,5.37,7.42,7.18
54,Argentina,2003,6.47,2.80,2.43,3.08,3.38,4.98,3.55,4.87,5.10,3.93,6.05,4.28
61,Australia,2003,3.35,4.42,4.28,4.50,4.17,5.12,4.00,5.70,4.00,5.00,6.97,5.25
32,Belgium,2003,4.42,4.68,3.07,4.50,3.23,4.90,4.80,5.78,3.57,4.67,7.10,3.67
55,Brazil,2003,4.47,3.25,2.20,3.70,2.87,4.38,3.37,4.25,5.20,3.50,5.22,4.28
101,Canada,2003,3.73,4.75,3.78,4.75,4.18,5.58,5.37,6.25,3.08,5.03,7.65,5.67
56,Chile,2003,5.22,3.73,3.97,3.42,3.23,5.27,3.70,5.70,3.38,5.35,7.43,4.28
86,China,2003,3.67,4.90,5.05,4.45,3.10,3.77,4.70,4.27,6.58,4.78,6.65,4.95
385,Croatia,2003,3.60,3.38,3.12,4.00,2.65,3.28,3.52,4.58,5.82,3.72,5.92,3.58
45,Denmark,2003,4.53,5.08,3.92,4.83,3.67,3.63,4.10,5.62,4.07,4.55,6.78,3.95
358,Finland,2003,5.00,5.28,4.65,5.38,3.35,4.93,4.88,5.82,5.10,4.83,7.20,4.38
33,France,2003,4.95,4.92,3.68,4.95,2.30,5.15,4.75,5.53,5.35,3.75,6.90,3.37
49,Germany,2003,3.93,4.90,3.23,5.65,3.00,4.57,4.63,5.23,4.80,4.78,7.42,3.98
30,Greece,2003,4.68,3.38,3.15,3.35,3.03,3.15,4.18,4.83,4.43,4.63,6.30,4.53
852,"Hong Kong",2003,4.50,4.32,7.10,4.63,3.48,5.22,4.10,6.25,5.77,5.03,7.90,6.87
354,Iceland,2003,5.12,4.13,6.40,4.07,3.72,4.70,4.20,5.42,5.25,4.67,7.23,6.13
353,Ireland,2003,3.12,5.53,5.27,5.87,3.78,4.98,4.80,5.92,3.97,4.85,5.58,5.00
39,Italy,2003,4.90,3.42,2.73,4.07,3.38,4.62,3.27,4.92,4.47,4.70,5.52,5.07
31,Netherlands,2003,4.00,4.17,3.38,4.65,4.12,4.70,3.75,5.82,5.07,5.15,6.60,4.53
64,"New Zealand",2003,5.08,4.97,3.90,4.55,3.98,5.03,4.53,5.32,4.90,5.20,6.80,5.45
47,Norway,2003,5.22,3.58,3.40,4.72,3.88,4.07,4.03,5.55,4.15,4.50,6.57,4.13
65,Singapore,2003,3.40,4.97,6.22,5.12,4.30,5.75,4.45,5.85,5.15,4.82,7.25,4.53
386,Slovenia,2003,5.08,3.43,3.02,3.65,3.52,4.70,3.38,4.93,5.08,4.13,6.03,3.62
27,"South Africa",2003,3.58,5.20,3.57,3.82,3.40,4.75,3.83,5.00,4.35,3.65,5.77,4.47
34,Spain,2003,4.28,5.02,4.68,5.07,3.03,4.47,4.35,4.88,3.55,4.63,5.63,4.27
46,Sweden,2003,4.15,3.07,3.33,3.88,3.13,4.20,3.95,5.50,4.33,4.57,6.95,2.90
41,Switzerland,2003,3.90,4.45,5.03,4.82,2.80,5.52,4.70,5.53,4.32,4.37,7.25,4.40
66,Thailand,2003,4.90,5.98,5.08,4.77,3.72,4.52,3.98,5.52,5.95,4.88,6.60,5.32
256,Uganda,2003,5.80,3.85,3.72,3.27,2.82,3.92,2.72,4.62,5.05,4.25,5.22,4.57
44,"United Kingdom",2003,3.05,5.05,4.02,4.57,3.57,4.22,4.27,5.25,3.92,4.92,5.68,3.85
1,"United States",2003,4.62,5.18,5.25,5.30,4.60,6.35,5.78,7.02,4.80,5.70,7.75,7.65
582,Venezuela,2003,5.95,2.55,3.00,2.00,2.92,3.77,2.92,5.32,4.58,3.63,6.02,3.87
54,Argentina,2002,2.65,2.50,2.27,2.68,3.42,5.05,3.13,5.35,5.27,4.03,6.40,4.27
61,Australia,2002,2.82,4.35,3.73,4.03,3.80,4.42,3.83,5.65,4.33,5.27,6.93,4.97
32,Belgium,2002,5.34,3.70,2.72,3.58,3.05,5.45,4.13,5.55,4.67,4.67,6.08,4.03
55,Brazil,2002,5.29,3.62,2.50,4.25,2.93,4.40,3.65,4.55,5.15,3.63,5.58,4.23
101,Canada,2002,3.88,6.03,3.28,5.58,4.53,5.98,5.82,7.02,3.22,6.47,7.98,
56,Chile,2002,5.67,3.80,4.45,3.70,3.17,5.67,3.97,6.23,3.05,5.75,7.37,4.13
86,China,2002,3.91,4.52,4.63,4.17,3.03,3.33,4.25,3.63,6.32,4.55,6.22,5.08
385,Croatia,2002,3.82,3.78,3.02,3.52,2.72,3.35,3.42,4.05,5.62,3.40,5.13,3.67
45,Denmark,2002,4.48,5.00,3.53,5.05,3.38,4.13,3.82,5.68,4.20,4.58,6.45,3.37
358,Finland,2002,5.29,4.92,4.75,5.40,3.20,4.60,4.92,5.52,4.27,4.63,7.25,4.37
33,France,2002,5.08,5.60,5.22,5.05,2.47,4.88,4.90,5.58,3.65,4.33,7.28,3.35
49,Germany,2002,4.12,4.75,3.48,5.67,3.13,4.42,4.20,5.07,4.55,4.62,7.00,4.35
852,"Hong Kong",2002,5.18,4.27,7.22,4.57,3.40,5.18,3.90,6.17,5.37,5.20,7.68,6.73
36,Hungary,2002,5.22,3.60,3.13,3.90,3.68,4.95,3.53,4.92,4.95,4.03,5.00,4.38
354,Iceland,2002,3.91,4.78,5.57,4.13,3.32,4.57,4.28,4.95,5.47,5.30,6.10,6.13
91,India,2002,4.39,3.85,3.48,3.88,2.50,4.82,3.82,5.37,4.13,4.13,5.37,4.30
353,Ireland,2002,4.83,5.47,5.15,5.72,3.57,4.77,4.50,6.07,3.98,5.02,5.27,5.10
972,Israel,2002,5.58,3.47,2.78,4.38,3.35,5.05,4.58,5.72,3.97,4.12,6.08,6.52
81,Japan,2002,5.24,5.13,2.83,3.58,2.23,3.40,4.03,3.33,6.53,3.65,5.18,3.47
52,Mexico,2002,4.33,4.88,3.12,3.97,3.37,4.98,3.50,4.82,4.57,4.08,5.05,4.38
31,Netherlands,2002,4.23,4.30,4.03,4.72,3.63,4.93,3.58,5.82,3.95,5.53,6.58,4.60
64,"New Zealand",2002,6.19,5.08,4.65,4.75,3.82,4.48,4.32,5.58,4.78,5.35,6.73,5.18
47,Norway,2002,4.92,3.38,3.40,4.53,3.03,4.02,3.78,5.62,4.05,4.17,7.02,4.07
65,Singapore,2002,4.27,5.40,6.52,5.67,3.72,5.22,4.63,5.52,4.38,4.07,7.35,4.53
386,Slovenia,2002,5.44,3.60,3.02,3.75,3.57,5.07,3.25,4.48,4.95,4.03,5.83,3.70
27,"South Africa",2002,3.48,5.07,3.30,3.37,3.00,5.17,3.40,5.02,4.40,4.00,6.15,4.40
82,"South Korea",2002,4.50,4.55,3.98,4.00,3.07,3.90,4.05,4.65,6.72,4.07,6.18,5.07
34,Spain,2002,4.24,4.80,4.55,4.40,3.23,4.62,4.77,4.82,4.15,4.50,6.07,3.80
46,Sweden,2002,4.21,3.58,3.15,4.10,3.22,4.57,3.75,5.25,4.27,4.68,6.63,3.13
41,Switzerland,2002,4.70,4.10,4.73,4.53,2.97,5.35,4.62,5.48,4.32,4.50,7.42,4.28
886,"Taiwan                        ",2002,5.05,5.25,4.68,5.45,3.37,4.92,5.67,5.88,6.82,5.13,7.12,6.80
66,Thailand,2002,5.82,4.62,4.25,3.85,3.07,4.13,3.33,4.38,6.30,3.70,6.33,4.97
44,"United Kingdom",2002,4.62,5.13,4.30,4.33,3.42,4.35,3.53,5.25,4.10,5.07,6.22,4.42
1,"United States",2002,4.88,4.87,5.28,4.98,4.43,6.48,5.13,6.77,4.72,5.35,7.53,7.53
54,Argentina,2001,6.82,2.28,2.03,2.37,3.73,,3.10,5.28,5.33,4.13,6.05,5.18
61,Australia,2001,3.28,4.53,3.83,4.12,3.52,,3.93,5.45,4.28,4.98,6.65,5.51
32,Belgium,2001,5.28,4.98,3.15,4.30,3.78,,5.40,6.20,4.05,5.20,6.98,4.70
55,Brazil,2001,5.63,3.97,2.95,4.53,3.25,,4.05,4.95,5.45,4.12,5.67,4.66
45,Denmark,2001,3.91,5.33,3.97,5.58,4.07,,4.12,5.78,4.95,4.45,6.37,5.33
358,Finland,2001,5.43,5.20,4.23,5.03,3.43,,5.08,5.35,4.77,4.70,7.20,4.97
33,France,2001,5.45,4.87,4.52,5.55,3.35,,4.72,5.38,3.95,4.35,6.93,4.47
49,Germany,2001,5.57,4.95,3.65,5.95,3.55,,4.62,5.38,5.22,4.62,7.03,4.85
36,Hungary,2001,6.37,4.15,3.48,3.67,3.90,,3.70,4.38,5.58,3.95,5.08,4.75
91,India,2001,4.02,4.03,3.57,3.77,3.25,,3.98,5.42,5.35,4.22,4.80,4.78
353,Ireland,2001,5.30,5.23,5.42,5.27,4.33,,4.48,5.82,4.08,4.88,5.07,5.50
972,Israel,2001,6.08,3.62,3.58,4.62,4.28,,4.78,5.85,4.05,4.18,6.37,5.10
39,Italy,2001,5.32,4.30,2.82,3.97,3.47,,3.43,4.00,4.03,4.45,5.97,5.08
81,Japan,2001,4.43,4.58,3.25,3.63,2.70,,3.65,3.23,6.07,3.72,5.52,4.27
52,Mexico,2001,3.95,4.47,2.68,3.53,3.58,,3.17,4.55,5.30,3.90,5.05,5.27
31,Netherlands,2001,3.85,5.17,4.20,4.50,4.32,,3.88,5.58,5.35,5.60,6.12,5.27
64,"New Zealand",2001,6.25,4.60,4.60,4.05,3.17,,3.97,5.53,4.37,5.47,6.92,4.73
47,Norway,2001,5.45,3.88,3.28,4.72,3.35,,3.88,5.68,3.55,4.15,6.55,5.13
351,Portugal,2001,5.18,3.50,3.07,3.82,2.58,,3.90,4.68,3.95,4.18,5.40,4.58
65,Singapore,2001,4.31,5.52,5.90,5.68,4.65,,4.70,5.93,4.87,4.62,7.43,5.37
27,"South Africa",2001,6.04,5.32,3.70,3.57,3.48,,3.45,4.52,4.27,3.70,5.27,4.37
82,"South Korea",2001,4.58,4.68,3.57,4.10,3.23,,4.20,4.53,6.55,4.25,6.15,5.18
34,Spain,2001,4.96,4.15,4.15,3.95,3.85,,3.88,5.72,4.78,4.33,5.05,5.28
46,Sweden,2001,4.15,3.88,3.08,4.70,3.57,,4.23,5.65,4.48,5.07,6.50,4.68
44,"United Kingdom",2001,5.88,5.37,5.00,5.07,4.02,,4.75,5.68,4.42,5.62,6.48,5.65
1,"United States",2001,5.80,5.32,4.73,5.27,4.43,,5.13,6.48,5.13,5.73,7.22,6.63
54,Argentina,2000,7.16,2.63,2.20,2.73,3.38,2.85,5.27,4.45,3.85,5.68,3.77,
61,Australia,2000,3.26,4.05,4.33,4.68,3.68,4.08,5.32,6.02,4.35,6.27,4.40,
32,Belgium,2000,5.72,4.10,4.10,4.18,3.67,4.55,6.20,4.30,5.52,6.17,4.12,
55,Brazil,2000,5.81,3.73,2.35,4.13,3.23,3.97,5.03,5.13,4.15,5.50,3.90,
101,Canada,2000,4.02,4.93,4.65,4.87,4.85,5.15,6.37,4.12,5.60,7.43,4.77,
45,Denmark,2000,5.83,4.98,4.25,5.33,3.98,4.40,5.85,5.22,5.25,6.95,4.22,
358,Finland,2000,4.73,4.88,4.88,4.97,3.53,4.73,6.08,4.88,4.90,4.97,4.28,
33,France,2000,5.21,4.70,3.68,4.55,3.42,4.70,5.82,4.15,5.47,6.70,3.47,
49,Germany,2000,5.78,5.45,3.30,5.43,3.48,4.67,5.68,5.68,4.58,7.02,4.12,
91,India,2000,6.22,4.53,3.40,3.78,3.43,3.98,5.63,4.50,4.20,4.55,3.67,
353,Ireland,2000,5.06,6.40,5.37,6.07,4.62,5.42,6.55,4.57,5.47,5.65,5.33,
972,Israel,2000,5.79,4.25,3.85,4.73,4.43,5.32,6.55,3.67,4.63,5.42,5.00,
39,Italy,2000,6.02,4.97,3.67,4.22,3.78,3.72,5.25,3.57,4.05,5.15,4.45,
81,Japan,2000,3.98,4.70,3.28,3.68,2.53,3.73,3.35,6.58,4.12,4.85,3.18,
47,Norway,2000,4.06,3.35,4.00,5.33,3.47,3.62,5.85,3.87,4.60,6.63,3.57,
65,Singapore,2000,5.16,5.73,5.93,5.95,4.43,5.32,5.73,4.72,5.02,7.60,4.67,
82,"South Korea",2000,5.98,4.38,4.27,4.33,3.30,4.32,4.00,6.18,4.18,5.78,4.45,
34,Spain,2000,4.85,4.68,3.97,4.40,4.02,4.32,5.42,4.15,4.27,6.07,4.32,
46,Sweden,2000,5.04,4.38,3.08,5.12,3.98,4.88,6.00,5.68,5.32,6.02,3.78,
44,"United Kingdom",2000,6.35,5.30,5.32,5.18,3.68,4.80,6.22,4.65,5.57,6.57,4.88,
1,"United States",2000,5.48,5.05,5.20,5.10,4.73,5.25,6.38,5.48,5.55,6.92,5.75,
